Run,ReleaseDate,LoadDate,spots,bases,spots_with_mates,avgLength,size_MB,AssemblyName,download_path,Experiment,LibraryName,LibraryStrategy,LibrarySelection,LibrarySource,LibraryLayout,InsertSize,InsertDev,Platform,Model,SRAStudy,BioProject,Study_Pubmed_id,ProjectID,Sample,BioSample,SampleType,TaxID,ScientificName,SampleName,g1k_pop_code,source,g1k_analysis_group,Subject_ID,Sex,Disease,Tumor,Affection_Status,Analyte_Type,Histological_Type,Body_Site,CenterName,Submission,dbgap_study_accession,Consent,RunHash,ReadHash
ERR1527947,2016-09-29 19:41:24,2016-09-28 22:46:24,322254645,81208170540,322254645,252,22108,GCF_000002305.2,https://sra-download.ncbi.nlm.nih.gov/traces/era16/ERR/ERR1527/ERR1527947,ERX1598839,unspecified,WGS,RANDOM,GENOMIC,PAIRED,300,0,ILLUMINA,Illumina HiSeq 2500,ERP016448,PRJEB14779,,342990,ERS1246351,SAMEA4075241,simple,9796,Equus caballus,SAMEA4075241,,,,,,,no,,,,,"INSTITUTE OF GENETICS, UNIVERSITY OF BERN, SWITZER",ERA674044,,public,F3D27EE495C47E8EF5E6387594C49B6A,9E11E134121D0A9953EF67B4D5881239
ERR1527948,2016-09-29 19:41:24,2016-09-28 20:35:51,182097220,54441020613,182097220,298,16695,GCF_000002305.2,https://sra-download.ncbi.nlm.nih.gov/traces/era16/ERR/ERR1527/ERR1527948,ERX1598840,unspecified,WGS,RANDOM,GENOMIC,PAIRED,300,0,ILLUMINA,Illumina HiSeq 2500,ERP016448,PRJEB14779,,342990,ERS1246352,SAMEA4075242,simple,9796,Equus caballus,SAMEA4075242,,,,,,,no,,,,,"INSTITUTE OF GENETICS, UNIVERSITY OF BERN, SWITZER",ERA674044,,public,6D49D87686799E37E134396FF7A48E79,29D3EDE5498AB25C3AC0E461CB35AFE2
ERR1527949,2016-09-29 19:41:24,2016-09-28 20:32:51,160434817,47971663672,160434817,299,14886,GCF_000002305.2,https://sra-download.ncbi.nlm.nih.gov/traces/era19/ERR/ERR1527/ERR1527949,ERX1598841,unspecified,WGS,RANDOM,GENOMIC,PAIRED,300,0,ILLUMINA,Illumina HiSeq 2500,ERP016448,PRJEB14779,,342990,ERS1246353,SAMEA4075243,simple,9796,Equus caballus,SAMEA4075243,,,,,,,no,,,,,"INSTITUTE OF GENETICS, UNIVERSITY OF BERN, SWITZER",ERA674044,,public,E7525121CE6C5EF3FCFD3252F1E4A77E,14954288CAA7F9A294F2E09991574F1A
ERR1527950,2016-09-29 19:41:24,2016-09-28 21:54:56,177541822,53097207633,177541822,299,16139,GCF_000002305.2,https://sra-download.ncbi.nlm.nih.gov/traces/era16/ERR/ERR1527/ERR1527950,ERX1598842,unspecified,WGS,RANDOM,GENOMIC,PAIRED,300,0,ILLUMINA,Illumina HiSeq 2500,ERP016448,PRJEB14779,,342990,ERS1246354,SAMEA4075244,simple,9796,Equus caballus,SAMEA4075244,,,,,,,no,,,,,"INSTITUTE OF GENETICS, UNIVERSITY OF BERN, SWITZER",ERA674044,,public,79966AA493B59AD883B9E57E24354D87,2D9C9DB75B7B4654A559D35DB7CD38A8
ERR1527951,2016-09-29 19:41:24,2016-09-28 23:05:46,256599728,76836450732,256599728,299,23371,GCF_000002305.2,https://sra-download.ncbi.nlm.nih.gov/traces/era16/ERR/ERR1527/ERR1527951,ERX1598843,unspecified,WGS,RANDOM,GENOMIC,PAIRED,300,0,ILLUMINA,Illumina HiSeq 2500,ERP016448,PRJEB14779,,342990,ERS1246355,SAMEA4075245,simple,9796,Equus caballus,SAMEA4075245,,,,,,,no,,,,,"INSTITUTE OF GENETICS, UNIVERSITY OF BERN, SWITZER",ERA674044,,public,DF2B7DA43E8984652E6C9327A64DC6B0,884E40C5ECC23EE7CC2386442FE2B7DB
ERR1527952,2016-09-29 19:41:24,2016-09-28 21:16:04,315000204,63630041208,315000204,202,31820,GCF_000002305.2,https://sra-download.ncbi.nlm.nih.gov/traces/era16/ERR/ERR1527/ERR1527952,ERX1598844,unspecified,WGS,RANDOM,GENOMIC,PAIRED,300,0,ILLUMINA,Illumina HiSeq 2000,ERP016448,PRJEB14779,,342990,ERS1246356,SAMEA4075246,simple,9796,Equus caballus,SAMEA4075246,,,,,,,no,,,,,"INSTITUTE OF GENETICS, UNIVERSITY OF BERN, SWITZER",ERA674044,,public,58776EDE9691B64D990BCE2A5097B296,2BA1CEFE00AA33D80B65C6D330C9EB64
ERR1527953,2016-09-29 19:41:24,2016-09-28 20:03:16,129639298,24631466620,129639298,190,12740,GCF_000002305.2,https://sra-download.ncbi.nlm.nih.gov/traces/era16/ERR/ERR1527/ERR1527953,ERX1598845,unspecified,WGS,RANDOM,GENOMIC,PAIRED,300,0,ILLUMINA,Illumina HiSeq 2000,ERP016448,PRJEB14779,,342990,ERS1246357,SAMEA4075247,simple,9796,Equus caballus,SAMEA4075247,,,,,,,no,,,,,"INSTITUTE OF GENETICS, UNIVERSITY OF BERN, SWITZER",ERA674044,,public,8EA715BEBE148D21B11676A02FADD98F,56E688954155D6BFA8950A2005C736D8
ERR1527954,2016-09-29 19:41:24,2016-09-28 21:21:28,141489444,28580867688,141489444,202,15347,GCF_000002305.2,https://sra-download.ncbi.nlm.nih.gov/traces/era16/ERR/ERR1527/ERR1527954,ERX1598846,unspecified,WGS,RANDOM,GENOMIC,PAIRED,300,0,ILLUMINA,Illumina HiSeq 2000,ERP016448,PRJEB14779,,342990,ERS1246358,SAMEA4075248,simple,9796,Equus caballus,SAMEA4075248,,,,,,,no,,,,,"INSTITUTE OF GENETICS, UNIVERSITY OF BERN, SWITZER",ERA674044,,public,0C99B96F41D8E4097B17B53DD381231F,52278EF415D175FAF99003634758ACF4
ERR1527955,2016-09-29 19:41:24,2016-09-28 20:34:33,198822600,40162165200,198822600,202,19281,GCF_000002305.2,https://sra-download.ncbi.nlm.nih.gov/traces/era16/ERR/ERR1527/ERR1527955,ERX1598847,unspecified,WGS,RANDOM,GENOMIC,PAIRED,300,0,ILLUMINA,Illumina HiSeq 2000,ERP016448,PRJEB14779,,342990,ERS1246359,SAMEA4075249,simple,9796,Equus caballus,SAMEA4075249,,,,,,,no,,,,,"INSTITUTE OF GENETICS, UNIVERSITY OF BERN, SWITZER",ERA674044,,public,A9E90625AF6B436F83C12298ABC65519,6560479E625EB9293711FD98240EC51E
ERR1527956,2016-09-29 19:41:24,2016-09-28 20:26:46,203517830,41110601660,203517830,202,20635,GCF_000002305.2,https://sra-download.ncbi.nlm.nih.gov/traces/era16/ERR/ERR1527/ERR1527956,ERX1598848,unspecified,WGS,RANDOM,GENOMIC,PAIRED,300,0,ILLUMINA,Illumina HiSeq 2000,ERP016448,PRJEB14779,,342990,ERS1246360,SAMEA4075250,simple,9796,Equus caballus,SAMEA4075250,,,,,,,no,,,,,"INSTITUTE OF GENETICS, UNIVERSITY OF BERN, SWITZER",ERA674044,,public,2CCA94A53EC1219B525913B9B6059815,F6E9BB91A3EF011C2A0F234E0DA12173
ERR1527957,2016-09-29 19:41:24,2016-09-28 19:52:08,93229349,18832328498,93229349,202,9234,GCF_000002305.2,https://sra-download.ncbi.nlm.nih.gov/traces/era16/ERR/ERR1527/ERR1527957,ERX1598849,unspecified,WGS,RANDOM,GENOMIC,PAIRED,300,0,ILLUMINA,Illumina HiSeq 2000,ERP016448,PRJEB14779,,342990,ERS1246361,SAMEA4075251,simple,9796,Equus caballus,SAMEA4075251,,,,,,,no,,,,,"INSTITUTE OF GENETICS, UNIVERSITY OF BERN, SWITZER",ERA674044,,public,DB6F1C272D33732AC097E87D201AE758,3FA05C74A3045BE385CC0E1A766A7FD8
ERR1527958,2016-09-29 19:41:24,2016-09-28 20:57:12,252603920,51025991840,252603920,202,25623,GCF_000002305.2,https://sra-download.ncbi.nlm.nih.gov/traces/era16/ERR/ERR1527/ERR1527958,ERX1598850,unspecified,WGS,RANDOM,GENOMIC,PAIRED,300,0,ILLUMINA,Illumina HiSeq 2000,ERP016448,PRJEB14779,,342990,ERS1246362,SAMEA4075252,simple,9796,Equus caballus,SAMEA4075252,,,,,,,no,,,,,"INSTITUTE OF GENETICS, UNIVERSITY OF BERN, SWITZER",ERA674044,,public,C1242FD92DF0F23BA9B8A2A4CDFB4DC8,3F8EE559B23BD18528A41C2F90A03A05
ERR1527959,2016-09-29 19:41:24,2016-09-28 20:29:58,202776177,40960787754,202776177,202,20410,GCF_000002305.2,https://sra-download.ncbi.nlm.nih.gov/traces/era16/ERR/ERR1527/ERR1527959,ERX1598851,unspecified,WGS,RANDOM,GENOMIC,PAIRED,300,0,ILLUMINA,Illumina HiSeq 2000,ERP016448,PRJEB14779,,342990,ERS1246363,SAMEA4075253,simple,9796,Equus caballus,SAMEA4075253,,,,,,,no,,,,,"INSTITUTE OF GENETICS, UNIVERSITY OF BERN, SWITZER",ERA674044,,public,A2A22D236FA2ED29FEF8B6465888F392,31166A706917A654908B0F1B412571D4
ERR1527960,2016-09-29 19:41:24,2016-09-28 19:47:42,70254592,13348372480,70254592,190,7075,GCF_000002305.2,https://sra-download.ncbi.nlm.nih.gov/traces/era16/ERR/ERR1527/ERR1527960,ERX1598852,unspecified,WGS,RANDOM,GENOMIC,PAIRED,300,0,ILLUMINA,Illumina HiSeq 2000,ERP016448,PRJEB14779,,342990,ERS1246364,SAMEA4075254,simple,9796,Equus caballus,SAMEA4075254,,,,,,,no,,,,,"INSTITUTE OF GENETICS, UNIVERSITY OF BERN, SWITZER",ERA674044,,public,3890BDBF527AC2C289AEF7BF0F536AF1,F207386D21074FF88636E562814B076F
ERR1527961,2016-09-29 19:41:24,2016-09-28 20:09:49,164406119,33210036038,164406119,202,15662,GCF_000002305.2,https://sra-download.ncbi.nlm.nih.gov/traces/era16/ERR/ERR1527/ERR1527961,ERX1598853,unspecified,WGS,RANDOM,GENOMIC,PAIRED,300,0,ILLUMINA,Illumina HiSeq 2000,ERP016448,PRJEB14779,,342990,ERS1246365,SAMEA4075255,simple,9796,Equus caballus,SAMEA4075255,,,,,,,no,,,,,"INSTITUTE OF GENETICS, UNIVERSITY OF BERN, SWITZER",ERA674044,,public,B20BFE1A4EC9C8A9EF441915D9956C38,5CFBBFB7F92A2116AF375FFD2A3EB302
ERR1527962,2016-09-29 19:41:24,2016-09-28 22:05:55,213249847,43076469094,213249847,202,21072,GCF_000002305.2,https://sra-download.ncbi.nlm.nih.gov/traces/era16/ERR/ERR1527/ERR1527962,ERX1598854,unspecified,WGS,RANDOM,GENOMIC,PAIRED,300,0,ILLUMINA,Illumina HiSeq 2000,ERP016448,PRJEB14779,,342990,ERS1246366,SAMEA4075256,simple,9796,Equus caballus,SAMEA4075256,,,,,,,no,,,,,"INSTITUTE OF GENETICS, UNIVERSITY OF BERN, SWITZER",ERA674044,,public,640ADB889F492CECC6A7ECE002F551A3,965D35693ACE4695A5C75FD541D379C0
ERR1527963,2016-09-29 19:41:24,2016-09-28 20:33:47,200338759,40468429318,200338759,202,19625,GCF_000002305.2,https://sra-download.ncbi.nlm.nih.gov/traces/era16/ERR/ERR1527/ERR1527963,ERX1598855,unspecified,WGS,RANDOM,GENOMIC,PAIRED,300,0,ILLUMINA,Illumina HiSeq 2000,ERP016448,PRJEB14779,,342990,ERS1246367,SAMEA4075257,simple,9796,Equus caballus,SAMEA4075257,,,,,,,no,,,,,"INSTITUTE OF GENETICS, UNIVERSITY OF BERN, SWITZER",ERA674044,,public,49114809D047D8D16ADD3302B3759196,FDAC7EB3296EBDDDACDF274EBDE7E3D3
ERR1527964,2016-09-29 19:41:24,2016-09-28 20:30:10,190017457,38383526314,190017457,202,19077,GCF_000002305.2,https://sra-download.ncbi.nlm.nih.gov/traces/era16/ERR/ERR1527/ERR1527964,ERX1598856,unspecified,WGS,RANDOM,GENOMIC,PAIRED,300,0,ILLUMINA,Illumina HiSeq 2000,ERP016448,PRJEB14779,,342990,ERS1246368,SAMEA4075258,simple,9796,Equus caballus,SAMEA4075258,,,,,,,no,,,,,"INSTITUTE OF GENETICS, UNIVERSITY OF BERN, SWITZER",ERA674044,,public,FB609530F5D2F83807A2AEB9B3D3D287,AA68E5D6CC52F8B1CB2DC8355FB3E9F6
ERR1527965,2016-09-29 19:41:24,2016-09-28 23:09:42,205553715,41521850430,205553715,202,19622,GCF_000002305.2,https://sra-download.ncbi.nlm.nih.gov/traces/era16/ERR/ERR1527/ERR1527965,ERX1598857,unspecified,WGS,RANDOM,GENOMIC,PAIRED,300,0,ILLUMINA,Illumina HiSeq 2000,ERP016448,PRJEB14779,,342990,ERS1246369,SAMEA4075259,simple,9796,Equus caballus,SAMEA4075259,,,,,,,no,,,,,"INSTITUTE OF GENETICS, UNIVERSITY OF BERN, SWITZER",ERA674044,,public,B24E564091B3AF488EF4B12598D13818,73DAAFF5E67BB7499A212437B42C668D
ERR1527966,2016-09-29 19:41:24,2016-09-28 21:03:57,130752826,26412070852,130752826,202,12951,GCF_000002305.2,https://sra-download.ncbi.nlm.nih.gov/traces/era16/ERR/ERR1527/ERR1527966,ERX1598858,unspecified,WGS,RANDOM,GENOMIC,PAIRED,300,0,ILLUMINA,Illumina HiSeq 2000,ERP016448,PRJEB14779,,342990,ERS1246370,SAMEA4075260,simple,9796,Equus caballus,SAMEA4075260,,,,,,,no,,,,,"INSTITUTE OF GENETICS, UNIVERSITY OF BERN, SWITZER",ERA674044,,public,4A5B0A35B2F2EB5432CBDDCDB3DAB02F,0D8EF5BC96EBD85085657753D7DB947F
ERR1527967,2016-09-29 19:41:24,2016-09-28 21:14:33,159448723,32208642046,159448723,202,16694,GCF_000002305.2,https://sra-download.ncbi.nlm.nih.gov/traces/era16/ERR/ERR1527/ERR1527967,ERX1598859,unspecified,WGS,RANDOM,GENOMIC,PAIRED,300,0,ILLUMINA,Illumina HiSeq 2000,ERP016448,PRJEB14779,,342990,ERS1246371,SAMEA4075261,simple,9796,Equus caballus,SAMEA4075261,,,,,,,no,,,,,"INSTITUTE OF GENETICS, UNIVERSITY OF BERN, SWITZER",ERA674044,,public,A6349404B533AFCA7EAD8F4DD2A9461B,D17A7DE05E6435D0C123522007FF91B6
ERR1527968,2016-09-29 19:41:24,2016-09-29 00:15:33,300726616,90141437878,300726616,299,32948,GCF_000002305.2,https://sra-download.ncbi.nlm.nih.gov/traces/era16/ERR/ERR1527/ERR1527968,ERX1598860,unspecified,WGS,RANDOM,GENOMIC,PAIRED,300,0,ILLUMINA,Illumina HiSeq 2500,ERP016448,PRJEB14779,,342990,ERS1246372,SAMEA4075262,simple,9796,Equus caballus,SAMEA4075262,,,,,,,no,,,,,"INSTITUTE OF GENETICS, UNIVERSITY OF BERN, SWITZER",ERA674044,,public,1E0520449CE032F37364AC1A2396BAE5,C5494C6A6EE1A60768EE5D8136D7EEA5
ERR1527969,2016-09-29 19:41:24,2016-09-29 13:22:08,285500051,85760082343,285500051,300,35251,GCF_000002305.2,https://sra-download.ncbi.nlm.nih.gov/traces/era16/ERR/ERR1527/ERR1527969,ERX1598861,unspecified,WGS,RANDOM,GENOMIC,PAIRED,300,0,ILLUMINA,Illumina HiSeq 2500,ERP016448,PRJEB14779,,342990,ERS1246373,SAMEA4075263,simple,9796,Equus caballus,SAMEA4075263,,,,,,,no,,,,,"INSTITUTE OF GENETICS, UNIVERSITY OF BERN, SWITZER",ERA674044,,public,74E932583B7896114C37EFD30681BDEC,C220A65D47778DDE8F1018279532537D
ERR1527970,2016-09-29 19:41:24,2016-09-28 21:59:48,160664014,48153985988,160664014,299,17713,GCF_000002305.2,https://sra-download.ncbi.nlm.nih.gov/traces/era16/ERR/ERR1527/ERR1527970,ERX1598862,unspecified,WGS,RANDOM,GENOMIC,PAIRED,300,0,ILLUMINA,Illumina HiSeq 2500,ERP016448,PRJEB14779,,342990,ERS1246374,SAMEA4075264,simple,9796,Equus caballus,SAMEA4075264,,,,,,,no,,,,,"INSTITUTE OF GENETICS, UNIVERSITY OF BERN, SWITZER",ERA674044,,public,5470B79174CA17829122DB3CE8001CD2,8BDE33700EDF28ABFD212C97470FAC31
ERR1527971,2016-09-29 19:41:24,2016-09-28 21:53:28,237441571,47963197342,237441571,202,23877,GCF_000002305.2,https://sra-download.ncbi.nlm.nih.gov/traces/era16/ERR/ERR1527/ERR1527971,ERX1598863,unspecified,WGS,RANDOM,GENOMIC,PAIRED,300,0,ILLUMINA,Illumina HiSeq 2000,ERP016448,PRJEB14779,,342990,ERS1246375,SAMEA4075265,simple,9796,Equus caballus,SAMEA4075265,,,,,,,no,,,,,"INSTITUTE OF GENETICS, UNIVERSITY OF BERN, SWITZER",ERA674044,,public,25EB4705AA0C0DEBB76D62FF9354332F,F2FFCE0DCE67DCFED610F16F437AC27E
ERR1527972,2016-09-29 19:41:24,2016-09-28 21:21:06,155773384,31466223568,155773384,202,16256,GCF_000002305.2,https://sra-download.ncbi.nlm.nih.gov/traces/era16/ERR/ERR1527/ERR1527972,ERX1598864,unspecified,WGS,RANDOM,GENOMIC,PAIRED,300,0,ILLUMINA,Illumina HiSeq 2000,ERP016448,PRJEB14779,,342990,ERS1246376,SAMEA4075266,simple,9796,Equus caballus,SAMEA4075266,,,,,,,no,,,,,"INSTITUTE OF GENETICS, UNIVERSITY OF BERN, SWITZER",ERA674044,,public,B6A383B536F66E3A1BEAB863403AC3F5,18717BAE4E6883C6623804FAC09DFFEE
ERR1545178,2016-09-29 23:23:58,2016-09-28 23:15:00,224166251,45281582702,224166251,202,21425,GCF_000002305.2,https://sra-download.ncbi.nlm.nih.gov/traces/era16/ERR/ERR1545/ERR1545178,ERX1615948,unspecified,WGS,RANDOM,GENOMIC,PAIRED,300,0,ILLUMINA,Illumina HiSeq 2000,ERP016448,PRJEB14779,,342990,ERS1263370,SAMEA4351921,simple,9796,Equus caballus,SAMEA4351921,,,,,,,no,,,,,"INSTITUTE OF GENETICS, UNIVERSITY OF BERN, SWITZER",ERA676954,,public,2B9FD09DB075CFA6FB1A98F985252075,2A55273E1D12ACECF13BB61120ACFB11
ERR1545179,2016-09-29 23:23:58,2016-09-28 22:58:40,227322483,45919141566,227322483,202,21502,GCF_000002305.2,https://sra-download.ncbi.nlm.nih.gov/traces/era16/ERR/ERR1545/ERR1545179,ERX1615949,unspecified,WGS,RANDOM,GENOMIC,PAIRED,300,0,ILLUMINA,Illumina HiSeq 2000,ERP016448,PRJEB14779,,342990,ERS1263371,SAMEA4351922,simple,9796,Equus caballus,SAMEA4351922,,,,,,,no,,,,,"INSTITUTE OF GENETICS, UNIVERSITY OF BERN, SWITZER",ERA676954,,public,0B8C8DC9005BE2A84C455BB73D2C7C62,058290A174A873817770FEDB38B0E97C
ERR1545180,2016-09-29 23:23:58,2016-09-28 21:28:31,174722018,35293847636,174722018,202,16510,GCF_000002305.2,https://sra-download.ncbi.nlm.nih.gov/traces/era16/ERR/ERR1545/ERR1545180,ERX1615950,unspecified,WGS,RANDOM,GENOMIC,PAIRED,300,0,ILLUMINA,Illumina HiSeq 2000,ERP016448,PRJEB14779,,342990,ERS1263372,SAMEA4351923,simple,9796,Equus caballus,SAMEA4351923,,,,,,,no,,,,,"INSTITUTE OF GENETICS, UNIVERSITY OF BERN, SWITZER",ERA676954,,public,04EEAAAADE0D9EADB66C50E2842F971C,C01D1BBE32CACD7B63BA731432F4040A
ERR1545181,2016-09-29 23:23:58,2016-09-28 21:49:09,264036916,53335457032,264036916,202,24857,GCF_000002305.2,https://sra-download.ncbi.nlm.nih.gov/traces/era16/ERR/ERR1545/ERR1545181,ERX1615951,unspecified,WGS,RANDOM,GENOMIC,PAIRED,300,0,ILLUMINA,Illumina HiSeq 2000,ERP016448,PRJEB14779,,342990,ERS1263373,SAMEA4351924,simple,9796,Equus caballus,SAMEA4351924,,,,,,,no,,,,,"INSTITUTE OF GENETICS, UNIVERSITY OF BERN, SWITZER",ERA676954,,public,C26618BF63EFB451CFC41A1F14C3D61C,2EB94179C2A841D6C667B7DE520F43C9
SRR3900345,2017-07-13 00:02:49,2016-07-18 17:27:18,30150948,6030189600,30150948,200,2809,EquCab2.0,https://sra-download.ncbi.nlm.nih.gov/sos/sra-pub-run-1/SRR3900345/SRR3900345.1,SRX1944312,120104_SN344_0158_AC06JEACXX_CG1_ATCACG_L006,WGS,RANDOM,GENOMIC,PAIRED,0,0,ILLUMINA,Illumina HiSeq 2000,SRP077490,PRJNA303134,,303134,SRS1529020,SAMN04538183,simple,9796,Equus caballus,CG_1,,,,,female,,no,,,,,UPPSALA UNIVERSITY,SRA436599,,public,187EE5DEADB8686436AF212DB5DDE39E,552B86B2B833BFA4787C61F5AA188219
SRR3900342,2017-07-13 00:02:49,2016-07-14 08:55:57,74408848,14881769600,74408848,200,7857,EquCab2.0,https://sra-download.ncbi.nlm.nih.gov/sos/sra-pub-run-1/SRR3900342/SRR3900342.1,SRX1944309,120104_SN344_0158_AC06JEACXX_CG7-tag11_GGCTAC_L008,WGS,RANDOM,GENOMIC,PAIRED,0,0,ILLUMINA,Illumina HiSeq 2000,SRP077490,PRJNA303134,,303134,SRS1529024,SAMN04538176,simple,9796,Equus caballus,CG_7,,,,,male,,no,,,,,UPPSALA UNIVERSITY,SRA436599,,public,E82FF99A25D9B0C16B3B53FE52A124E6,B3147A52AA6D4647222DE438D4743587
SRR3900348,2017-07-13 00:02:49,2016-07-14 08:47:15,29198444,5839688800,29198444,200,2691,EquCab2.0,https://sra-download.ncbi.nlm.nih.gov/sos/sra-pub-run-1/SRR3900348/SRR3900348.1,SRX1944316,120104_SN344_0158_AC06JEACXX_CG2_CGATGT_L001,WGS,RANDOM,GENOMIC,PAIRED,0,0,ILLUMINA,Illumina HiSeq 2000,SRP077490,PRJNA303134,,303134,SRS1529026,SAMN04538182,simple,9796,Equus caballus,CG_2,,,,,female,,no,,,,,UPPSALA UNIVERSITY,SRA436599,,public,57CE412A4199E37781573A12798CD299,5D681F04B6F5BC51E989A8B2A9AFF3C9
SRR3900349,2017-07-13 00:02:49,2016-07-18 18:12:56,28325670,5665134000,28325670,200,2678,EquCab2.0,https://sra-download.ncbi.nlm.nih.gov/sos/sra-pub-run-1/SRR3900349/SRR3900349.1,SRX1944317,120104_SN344_0158_AC06JEACXX_CG2_CGATGT_L004,WGS,RANDOM,GENOMIC,PAIRED,0,0,ILLUMINA,Illumina HiSeq 2000,SRP077490,PRJNA303134,,303134,SRS1529026,SAMN04538182,simple,9796,Equus caballus,CG_2,,,,,female,,no,,,,,UPPSALA UNIVERSITY,SRA436599,,public,0D91500A77D685608AB56316E47DE150,14DF68B16B54A4FAFDF906F174BE8FA1
SRR3900350,2017-07-13 00:02:49,2016-07-14 08:45:56,25325717,5065143400,25325717,200,2393,EquCab2.0,https://sra-download.ncbi.nlm.nih.gov/sos/sra-pub-run-1/SRR3900350/SRR3900350.1,SRX1944318,120104_SN344_0158_AC06JEACXX_CG2_CGATGT_L005,WGS,RANDOM,GENOMIC,PAIRED,0,0,ILLUMINA,Illumina HiSeq 2000,SRP077490,PRJNA303134,,303134,SRS1529026,SAMN04538182,simple,9796,Equus caballus,CG_2,,,,,female,,no,,,,,UPPSALA UNIVERSITY,SRA436599,,public,CA1C90FD60BE472C2403C71A14B1AE9A,D3683140F5D577F88CF229AE260A479B
SRR3900351,2017-07-13 00:02:49,2016-07-18 18:12:00,28200714,5640142800,28200714,200,2643,EquCab2.0,https://sra-download.ncbi.nlm.nih.gov/sos/sra-pub-run-1/SRR3900351/SRR3900351.1,SRX1944319,120104_SN344_0158_AC06JEACXX_CG2_CGATGT_L006,WGS,RANDOM,GENOMIC,PAIRED,0,0,ILLUMINA,Illumina HiSeq 2000,SRP077490,PRJNA303134,,303134,SRS1529026,SAMN04538182,simple,9796,Equus caballus,CG_2,,,,,female,,no,,,,,UPPSALA UNIVERSITY,SRA436599,,public,D8F78DE1159CB3D3A660855879CCF832,468E242469A6E5B8335E35F293DBEC3D
SRR3900352,2017-07-13 00:02:49,2016-07-14 09:03:43,34551505,6910301000,34551505,200,3181,EquCab2.0,https://sra-download.ncbi.nlm.nih.gov/sos/sra-pub-run-1/SRR3900352/SRR3900352.1,SRX1944320,120104_SN344_0158_AC06JEACXX_CG3_TTAGGC_L001,WGS,RANDOM,GENOMIC,PAIRED,0,0,ILLUMINA,Illumina HiSeq 2000,SRP077490,PRJNA303134,,303134,SRS1529027,SAMN04538181,simple,9796,Equus caballus,CG_3,,,,,female,,no,,,,,UPPSALA UNIVERSITY,SRA436599,,public,3F8AFC1C622A5B3265117F3D64BD953C,84747F7927782661B3F8D0330924C07A
SRR3900353,2017-07-13 00:02:49,2016-07-14 08:46:34,31559739,6311947800,31559739,200,2978,EquCab2.0,https://sra-download.ncbi.nlm.nih.gov/sos/sra-pub-run-1/SRR3900353/SRR3900353.1,SRX1944321,120104_SN344_0158_AC06JEACXX_CG3_TTAGGC_L004,WGS,RANDOM,GENOMIC,PAIRED,0,0,ILLUMINA,Illumina HiSeq 2000,SRP077490,PRJNA303134,,303134,SRS1529027,SAMN04538181,simple,9796,Equus caballus,CG_3,,,,,female,,no,,,,,UPPSALA UNIVERSITY,SRA436599,,public,E29B56A27BDEDEA8ECDB09F3794889B2,9E88AE6BDB60CD3CBC7AC651C54F82A7
SRR3900346,2017-07-13 00:02:49,2016-07-22 11:46:05,118382655,23676531000,118382655,200,12180,EquCab2.0,https://sra-download.ncbi.nlm.nih.gov/sos/sra-pub-run-1/SRR3900346/SRR3900346.1,SRX1944313,120104_SN344_0158_AC06JEACXX_CG7-tag12_CTTGTA_L007,WGS,RANDOM,GENOMIC,PAIRED,0,0,ILLUMINA,Illumina HiSeq 2000,SRP077490,PRJNA303134,,303134,SRS1561903,SAMN04538177,simple,9796,Equus caballus,CG_7-tag12_CTTGTA,,,,,male,,no,,,,,UPPSALA UNIVERSITY,SRA436599,,public,8156E1C65649B3F3BA04329672B5510C,4737E84F01ACCA5E259E30EF3F043B84
SRR3900347,2017-07-13 00:02:49,2016-07-18 18:37:46,114648138,22929627600,114648138,200,11850,EquCab2.0,https://sra-download.ncbi.nlm.nih.gov/sos/sra-pub-run-1/SRR3900347/SRR3900347.1,SRX1944314,120104_SN344_0158_AC06JEACXX_CG7-tag12_CTTGTA_L008,WGS,RANDOM,GENOMIC,PAIRED,0,0,ILLUMINA,Illumina HiSeq 2000,SRP077490,PRJNA303134,,303134,SRS1561903,SAMN04538177,simple,9796,Equus caballus,CG_7-tag12_CTTGTA,,,,,male,,no,,,,,UPPSALA UNIVERSITY,SRA436599,,public,64645D37A124F7105CCCDD176E3CE92D,DD2D06E9CAD86E4EFAA37EDA1F874AB8
SRR3900343,2017-07-13 00:02:49,2016-07-14 09:06:28,122146694,24429338800,122146694,200,12951,EquCab2.0,https://sra-download.ncbi.nlm.nih.gov/sos/sra-pub-run-1/SRR3900343/SRR3900343.1,SRX1944310,120104_SN344_0158_AC06JEACXX_CG7-tag12_CTTGTA_L002,WGS,RANDOM,GENOMIC,PAIRED,0,0,ILLUMINA,Illumina HiSeq 2000,SRP077490,PRJNA303134,,303134,SRS1561903,SAMN04538177,simple,9796,Equus caballus,CG_7-tag12_CTTGTA,,,,,male,,no,,,,,UPPSALA UNIVERSITY,SRA436599,,public,598FB49EBD73C20A17164574475374D8,DB2FAC30B40AB9A7E47756E8D776D60C
SRR3900344,2017-07-13 00:02:49,2016-07-22 12:16:48,122024354,24404870800,122024354,200,12879,EquCab2.0,https://sra-download.ncbi.nlm.nih.gov/sos/sra-pub-run-1/SRR3900344/SRR3900344.1,SRX1944311,120104_SN344_0158_AC06JEACXX_CG7-tag12_CTTGTA_L003,WGS,RANDOM,GENOMIC,PAIRED,0,0,ILLUMINA,Illumina HiSeq 2000,SRP077490,PRJNA303134,,303134,SRS1561903,SAMN04538177,simple,9796,Equus caballus,CG_7-tag12_CTTGTA,,,,,male,,no,,,,,UPPSALA UNIVERSITY,SRA436599,,public,89C778DDCF18ED2E335C54DE91D7D779,5E8F054358EC845E3CFAB908A6E23DE0
ERR1545182,2016-09-29 23:23:58,2016-09-28 21:22:17,164338262,33196328924,164338262,202,16287,GCF_000002305.2,https://sra-download.ncbi.nlm.nih.gov/traces/era16/ERR/ERR1545/ERR1545182,ERX1615952,unspecified,WGS,RANDOM,GENOMIC,PAIRED,300,0,ILLUMINA,Illumina HiSeq 2000,ERP016448,PRJEB14779,,342990,ERS1263374,SAMEA4351925,simple,9796,Equus caballus,SAMEA4351925,,,,,,,no,,,,,"INSTITUTE OF GENETICS, UNIVERSITY OF BERN, SWITZER",ERA676954,,public,A2A5BEE7554539A66FF883E8B8B1DC97,27F6B523DCF76FBF5D67F2B6EE0C30B2
ERR1545183,2016-09-29 23:23:58,2018-11-26 04:48:48,257196427,51953678254,257196427,202,24680,GCA_000002305.1,https://sra-download.ncbi.nlm.nih.gov/traces/era23/ERR/ERR1545/ERR1545183,ERX1615953,unspecified,WGS,RANDOM,GENOMIC,PAIRED,300,0,ILLUMINA,Illumina HiSeq 2000,ERP016448,PRJEB14779,,342990,ERS1263375,SAMEA4351926,simple,9796,Equus caballus,SAMEA4351926,,,,,,,no,,,,,"INSTITUTE OF GENETICS, UNIVERSITY OF BERN, SWITZER",ERA676954,,public,6D5C93DA04AFCB2B0487B64CBBAD0BE0,D4720C078AE710FE4723A6EDEAF0C81D
ERR1545184,2016-09-29 23:23:58,2018-11-26 05:02:09,217307829,43896181458,217307829,202,20652,GCA_000002305.1,https://sra-download.ncbi.nlm.nih.gov/traces/era23/ERR/ERR1545/ERR1545184,ERX1615954,unspecified,WGS,RANDOM,GENOMIC,PAIRED,300,0,ILLUMINA,Illumina HiSeq 2000,ERP016448,PRJEB14779,,342990,ERS1263376,SAMEA4351927,simple,9796,Equus caballus,SAMEA4351927,,,,,,,no,,,,,"INSTITUTE OF GENETICS, UNIVERSITY OF BERN, SWITZER",ERA676954,,public,5F9139694136EAF62057AA169140F312,BEF74254D840388697F22A9214F20464
ERR1545185,2016-09-29 23:23:58,2018-11-26 04:45:46,186855127,37744735654,186855127,202,18691,GCA_000002305.1,https://sra-download.ncbi.nlm.nih.gov/traces/era23/ERR/ERR1545/ERR1545185,ERX1615955,unspecified,WGS,RANDOM,GENOMIC,PAIRED,300,0,ILLUMINA,Illumina HiSeq 2000,ERP016448,PRJEB14779,,342990,ERS1263377,SAMEA4351928,simple,9796,Equus caballus,SAMEA4351928,,,,,,,no,,,,,"INSTITUTE OF GENETICS, UNIVERSITY OF BERN, SWITZER",ERA676954,,public,3BB0A351375E40EEE584FCEA95B15C1C,98C92F767A3BE2FC44A14CE90A097C7C
ERR1545186,2016-09-29 23:23:58,2018-11-26 04:50:24,278115989,56179429778,278115989,202,26568,GCA_000002305.1,https://sra-download.ncbi.nlm.nih.gov/traces/era23/ERR/ERR1545/ERR1545186,ERX1615956,unspecified,WGS,RANDOM,GENOMIC,PAIRED,300,0,ILLUMINA,Illumina HiSeq 2000,ERP016448,PRJEB14779,,342990,ERS1263379,SAMEA4351930,simple,9796,Equus caballus,SAMEA4351930,,,,,,,no,,,,,"INSTITUTE OF GENETICS, UNIVERSITY OF BERN, SWITZER",ERA676954,,public,33E82CF45F0D2B003E10BD61118B6828,91F103E393A5B92ED5A5661D43146D10
ERR1545187,2016-09-29 23:53:14,2016-09-28 21:40:35,215967136,43625361472,215967136,202,21536,GCF_000002305.2,https://sra-download.ncbi.nlm.nih.gov/traces/era16/ERR/ERR1545/ERR1545187,ERX1615957,unspecified,WGS,RANDOM,GENOMIC,PAIRED,300,0,ILLUMINA,Illumina HiSeq 2000,ERP016448,PRJEB14779,,342990,ERS1263380,SAMEA4351931,simple,9796,Equus caballus,SAMEA4351931,,,,,,,no,,,,,"INSTITUTE OF GENETICS, UNIVERSITY OF BERN, SWITZER",ERA676954,,public,7441DE05ACAB5E8E9162926AA0EA8A55,31784A018F032E7AEB28C64BE8DA440D
ERR1545190,2016-09-29 23:53:14,2016-09-28 21:38:05,208070952,42030332304,208070952,202,21112,GCF_000002305.2,https://sra-download.ncbi.nlm.nih.gov/traces/era16/ERR/ERR1545/ERR1545190,ERX1615960,unspecified,WGS,RANDOM,GENOMIC,PAIRED,300,0,ILLUMINA,Illumina HiSeq 2000,ERP016448,PRJEB14779,,342990,ERS1263381,SAMEA4351932,simple,9796,Equus caballus,SAMEA4351932,,,,,,,no,,,,,"INSTITUTE OF GENETICS, UNIVERSITY OF BERN, SWITZER",ERA676954,,public,8AB88E5EA7004832A9337D48AB45E187,C6884B12DCB6417F016559A3071B9B51
ERR1545188,2016-09-29 23:53:14,2016-09-28 23:15:18,429096036,111618441750,429096036,260,41030,GCF_000002305.2,https://sra-download.ncbi.nlm.nih.gov/traces/era16/ERR/ERR1545/ERR1545188,ERX1615958,unspecified,WGS,RANDOM,GENOMIC,PAIRED,300,0,ILLUMINA,Illumina HiSeq 2000,ERP016448,PRJEB14779,,342990,ERS1263382,SAMEA4351933,simple,9796,Equus caballus,SAMEA4351933,,,,,,,no,,,,,"INSTITUTE OF GENETICS, UNIVERSITY OF BERN, SWITZER",ERA676954,,public,CA3CE02D91F67E82D9A4291523379478,65AFA1A70AF7EE8AD0FDC984C44AF978
ERR1545189,2016-09-29 23:53:14,2016-09-28 23:38:02,369445718,103726796158,369445718,280,32353,GCF_000002305.2,https://sra-download.ncbi.nlm.nih.gov/traces/era16/ERR/ERR1545/ERR1545189,ERX1615959,unspecified,WGS,RANDOM,GENOMIC,PAIRED,300,0,ILLUMINA,Illumina HiSeq 2000,ERP016448,PRJEB14779,,342990,ERS1263383,SAMEA4351934,simple,9796,Equus caballus,SAMEA4351934,,,,,,,no,,,,,"INSTITUTE OF GENETICS, UNIVERSITY OF BERN, SWITZER",ERA676954,,public,E8D6E9A93316CCA797B3324048B904A7,3F5AB6459D5374B51FF7A613DCD4FAAC
ERR1735862,2016-11-17 08:24:12,2018-11-26 14:14:34,268754445,80732195825,268754445,300,21093,GCA_000002305.1,https://sra-download.ncbi.nlm.nih.gov/traces/era23/ERR/ERR1735/ERR1735862,ERX1805697,TB049_WGA-LIB,WGS,RANDOM,GENOMIC,PAIRED,300,0,ILLUMINA,Illumina HiSeq 2500,ERP016448,PRJEB14779,,342990,ERS1451611,SAMEA4552432,simple,9796,Equus caballus,SAMEA4552432,,,,,,,no,,,,,"INSTITUTE OF GENETICS, UNIVERSITY OF BERN, SWITZER",ERA765675,,public,11BB4393F257954F71B1F442F919ADE5,2AFEA511FB0C9FA977180743A061DE9D
SRR5755256,2017-06-26 10:07:17,2017-06-26 07:22:17,496623353,98605726357,496623353,198,19245,assembly,https://sra-download.ncbi.nlm.nih.gov/traces/sra49/SRR/005620/SRR5755256,SRX2955437,VL_PE,WGS,RANDOM,GENOMIC,PAIRED,0,0,ILLUMINA,Illumina HiSeq 1500,SRP110486,PRJNA391840,,391840,SRS2312682,SAMN07276823,simple,9796,Equus caballus,VL,,,,,female,,no,,,,,UNIVERSITY OF PERUGIA,SRA580812,,public,9833265238B6A2D3FDD80E6A827EC773,14388D4690C7003DE20C5D8640D2C30F
ERR2179540,2017-10-26 08:38:31,2018-11-22 16:14:47,133284083,26923384766,133284083,202,12796,GCA_000002305.1,https://sra-download.ncbi.nlm.nih.gov/traces/era23/ERR/ERR2179/ERR2179540,ERX2235959,unspecified,WGS,RANDOM,GENOMIC,PAIRED,300,0,ILLUMINA,Illumina HiSeq 3000,ERP016448,PRJEB14779,,342990,ERS1982313,SAMEA104357335,simple,9796,Equus caballus,SAMEA104357335,,,,,,,no,,,,,"INSTITUTE OF GENETICS, UNIVERSITY OF BERN, SWITZER",ERA1120495,,public,D00EBEEEAEC12B9D67C168F37B563375,96D6129B4401F090ECB9D83EE20C5192
ERR2179541,2017-10-26 08:38:31,2018-11-22 16:48:02,205152621,41440829442,205152621,202,20366,GCA_000002305.1,https://sra-download.ncbi.nlm.nih.gov/traces/era23/ERR/ERR2179/ERR2179541,ERX2235960,unspecified,WGS,RANDOM,GENOMIC,PAIRED,300,0,ILLUMINA,Illumina HiSeq 3000,ERP016448,PRJEB14779,,342990,ERS1982314,SAMEA104357336,simple,9796,Equus caballus,SAMEA104357336,,,,,,,no,,,,,"INSTITUTE OF GENETICS, UNIVERSITY OF BERN, SWITZER",ERA1120495,,public,2A588DC8680E0FD717420E0D7396D7EC,4AEAEE1C1D445E4665943C7A7503969E
ERR2179542,2017-10-26 08:38:31,2018-11-22 15:35:26,270368886,81007870940,270368886,299,23786,GCA_000002305.1,https://sra-download.ncbi.nlm.nih.gov/traces/era23/ERR/ERR2179/ERR2179542,ERX2235961,unspecified,WGS,RANDOM,GENOMIC,PAIRED,300,0,ILLUMINA,Illumina HiSeq 3000,ERP016448,PRJEB14779,,342990,ERS1982315,SAMEA104357337,simple,9796,Equus caballus,SAMEA104357337,,,,,,,no,,,,,"INSTITUTE OF GENETICS, UNIVERSITY OF BERN, SWITZER",ERA1120495,,public,9F29D4A598BA28BE529F536078D24C16,13E98E3A500C59658FBB6ED472BF2C37
ERR2179543,2017-10-26 08:38:31,2018-11-22 14:54:29,172550052,51543399977,172550052,298,11481,GCA_000002305.1,https://sra-download.ncbi.nlm.nih.gov/traces/era23/ERR/ERR2179/ERR2179543,ERX2235962,unspecified,WGS,RANDOM,GENOMIC,PAIRED,300,0,ILLUMINA,Illumina HiSeq 3000,ERP016448,PRJEB14779,,342990,ERS1982316,SAMEA104357338,simple,9796,Equus caballus,SAMEA104357338,,,,,,,no,,,,,"INSTITUTE OF GENETICS, UNIVERSITY OF BERN, SWITZER",ERA1120495,,public,FA238BCCCAF8BD0FCE3A604DF4F5D231,6C0AE7106355FEFB3ED045284F35E746
ERR2179544,2017-10-26 08:38:31,2018-11-22 14:47:22,212894871,60643790157,212894871,284,14445,GCA_000002305.1,https://sra-download.ncbi.nlm.nih.gov/traces/era23/ERR/ERR2179/ERR2179544,ERX2235963,unspecified,WGS,RANDOM,GENOMIC,PAIRED,300,0,ILLUMINA,Illumina HiSeq 3000,ERP016448,PRJEB14779,,342990,ERS1982317,SAMEA104357339,simple,9796,Equus caballus,SAMEA104357339,,,,,,,no,,,,,"INSTITUTE OF GENETICS, UNIVERSITY OF BERN, SWITZER",ERA1120495,,public,5C08632EFB4DFA7DA703A47CC99DF386,AEBA649EAE7ED507E2414817B779F531
ERR2179545,2017-10-26 08:38:31,2018-11-22 16:29:26,152349108,39832472710,152349108,261,9574,GCA_000002305.1,https://sra-download.ncbi.nlm.nih.gov/traces/era23/ERR/ERR2179/ERR2179545,ERX2235964,unspecified,WGS,RANDOM,GENOMIC,PAIRED,300,0,ILLUMINA,Illumina HiSeq 3000,ERP016448,PRJEB14779,,342990,ERS1982318,SAMEA104357340,simple,9796,Equus caballus,SAMEA104357340,,,,,,,no,,,,,"INSTITUTE OF GENETICS, UNIVERSITY OF BERN, SWITZER",ERA1120495,,public,23A268928134FB1C340FFBE452B74643,191A4ADA70666FE043B3D4AB51E607EF
ERR2179546,2017-10-26 08:38:31,2018-11-22 16:49:39,166186745,44777974582,166186745,269,9847,GCA_000002305.1,https://sra-download.ncbi.nlm.nih.gov/traces/era23/ERR/ERR2179/ERR2179546,ERX2235965,unspecified,WGS,RANDOM,GENOMIC,PAIRED,300,0,ILLUMINA,Illumina HiSeq 3000,ERP016448,PRJEB14779,,342990,ERS1982319,SAMEA104357341,simple,9796,Equus caballus,SAMEA104357341,,,,,,,no,,,,,"INSTITUTE OF GENETICS, UNIVERSITY OF BERN, SWITZER",ERA1120495,,public,9C9B934227FD98CE80B7B61B173CB1BF,9C1A7929E38567E27A7B9CA40D739BFD
ERR2179547,2017-10-26 08:38:31,2018-11-22 16:48:15,168315657,50589206451,168315657,300,11895,GCA_000002305.1,https://sra-download.ncbi.nlm.nih.gov/traces/era23/ERR/ERR2179/ERR2179547,ERX2235966,unspecified,WGS,RANDOM,GENOMIC,PAIRED,300,0,ILLUMINA,Illumina HiSeq 3000,ERP016448,PRJEB14779,,342990,ERS1982320,SAMEA104357342,simple,9796,Equus caballus,SAMEA104357342,,,,,,,no,,,,,"INSTITUTE OF GENETICS, UNIVERSITY OF BERN, SWITZER",ERA1120495,,public,67691FFC8393B6607B11DA9345BC4D5B,15A9A1CF0FBC07D7892C82B9B8460B28
ERR2179548,2017-10-26 08:38:31,2018-11-22 17:05:49,157282863,46924230217,157282863,298,10621,GCA_000002305.1,https://sra-download.ncbi.nlm.nih.gov/traces/era23/ERR/ERR2179/ERR2179548,ERX2235967,unspecified,WGS,RANDOM,GENOMIC,PAIRED,300,0,ILLUMINA,Illumina HiSeq 3000,ERP016448,PRJEB14779,,342990,ERS1982321,SAMEA104357343,simple,9796,Equus caballus,SAMEA104357343,,,,,,,no,,,,,"INSTITUTE OF GENETICS, UNIVERSITY OF BERN, SWITZER",ERA1120495,,public,F1A9E4E16E9D23849E1A574D85674750,0762D6595B61CF2DE0F6AC655DB3B58B
ERR2179549,2017-10-26 08:38:31,2018-11-22 17:52:55,416284757,124653252862,416284757,299,27946,GCA_000002305.1,https://sra-download.ncbi.nlm.nih.gov/traces/era23/ERR/ERR2179/ERR2179549,ERX2235968,unspecified,WGS,RANDOM,GENOMIC,PAIRED,300,0,ILLUMINA,Illumina HiSeq 3000,ERP016448,PRJEB14779,,342990,ERS1982322,SAMEA104357344,simple,9796,Equus caballus,SAMEA104357344,,,,,,,no,,,,,"INSTITUTE OF GENETICS, UNIVERSITY OF BERN, SWITZER",ERA1120495,,public,54D34346B08D110092265B7CF860ECF0,85891D9F9B5933DBBB2D1B85250B6D91
ERR2179550,2017-10-26 08:38:31,2018-11-22 14:54:09,158195505,46606617697,158195505,294,11056,GCA_000002305.1,https://sra-download.ncbi.nlm.nih.gov/traces/era23/ERR/ERR2179/ERR2179550,ERX2235969,unspecified,WGS,RANDOM,GENOMIC,PAIRED,300,0,ILLUMINA,Illumina HiSeq 3000,ERP016448,PRJEB14779,,342990,ERS1982323,SAMEA104357345,simple,9796,Equus caballus,SAMEA104357345,,,,,,,no,,,,,"INSTITUTE OF GENETICS, UNIVERSITY OF BERN, SWITZER",ERA1120495,,public,BA78827592AECBF2CE4DA9BF7EA19761,72DF378B85EE5A9480AAF765AC487164
ERR2179551,2017-10-26 08:38:31,2018-11-22 18:24:57,435515004,130941529899,435515004,300,28730,GCA_000002305.1,https://sra-download.ncbi.nlm.nih.gov/traces/era23/ERR/ERR2179/ERR2179551,ERX2235970,unspecified,WGS,RANDOM,GENOMIC,PAIRED,300,0,ILLUMINA,Illumina HiSeq 3000,ERP016448,PRJEB14779,,342990,ERS1982324,SAMEA104357346,simple,9796,Equus caballus,SAMEA104357346,,,,,,,no,,,,,"INSTITUTE OF GENETICS, UNIVERSITY OF BERN, SWITZER",ERA1120495,,public,51022A0200D2FEB6C4507410E6D07D7F,5B46DA0DA178D5D5F91536FBF4E8FB14
ERR2179552,2017-10-26 08:38:31,2018-11-22 14:22:54,86906707,26013791580,86906706,299,6021,GCA_000002305.1,https://sra-download.ncbi.nlm.nih.gov/traces/era23/ERR/ERR2179/ERR2179552,ERX2235971,unspecified,WGS,RANDOM,GENOMIC,PAIRED,300,0,ILLUMINA,Illumina HiSeq 3000,ERP016448,PRJEB14779,,342990,ERS1982325,SAMEA104357347,simple,9796,Equus caballus,SAMEA104357347,,,,,,,no,,,,,"INSTITUTE OF GENETICS, UNIVERSITY OF BERN, SWITZER",ERA1120495,,public,E52C447D090855F04DB643BA27594D3A,7F3244A1941C6C86A5DBA92C6F1EF5FE
ERR2179553,2017-10-26 08:38:31,2018-11-22 17:39:05,217674730,65221363844,217674730,299,16724,GCA_000002305.1,https://sra-download.ncbi.nlm.nih.gov/traces/era23/ERR/ERR2179/ERR2179553,ERX2235972,unspecified,WGS,RANDOM,GENOMIC,PAIRED,300,0,ILLUMINA,Illumina HiSeq 3000,ERP016448,PRJEB14779,,342990,ERS1982326,SAMEA104357348,simple,9796,Equus caballus,SAMEA104357348,,,,,,,no,,,,,"INSTITUTE OF GENETICS, UNIVERSITY OF BERN, SWITZER",ERA1120495,,public,9207D83A0A14BD5A9B9565F4FEB5BB83,0ECC3A6DB6A312626F2FAC74B55E94C4
ERR2179554,2017-10-26 08:38:31,2018-11-22 17:36:02,259925805,77873554851,259925805,299,20109,GCA_000002305.1,https://sra-download.ncbi.nlm.nih.gov/traces/era23/ERR/ERR2179/ERR2179554,ERX2235973,unspecified,WGS,RANDOM,GENOMIC,PAIRED,300,0,ILLUMINA,Illumina HiSeq 3000,ERP016448,PRJEB14779,,342990,ERS1982327,SAMEA104357349,simple,9796,Equus caballus,SAMEA104357349,,,,,,,no,,,,,"INSTITUTE OF GENETICS, UNIVERSITY OF BERN, SWITZER",ERA1120495,,public,9B927A37CD4D29281C5A1701E3027052,DB72256BA79DCEAC08945D2D721A52A9
ERR2179555,2017-10-26 08:38:31,2018-11-22 17:10:10,206095336,61747274105,206095336,299,15819,GCA_000002305.1,https://sra-download.ncbi.nlm.nih.gov/traces/era23/ERR/ERR2179/ERR2179555,ERX2235974,unspecified,WGS,RANDOM,GENOMIC,PAIRED,300,0,ILLUMINA,Illumina HiSeq 3000,ERP016448,PRJEB14779,,342990,ERS1982328,SAMEA104357350,simple,9796,Equus caballus,SAMEA104357350,,,,,,,no,,,,,"INSTITUTE OF GENETICS, UNIVERSITY OF BERN, SWITZER",ERA1120495,,public,D29AFF6564974DBF371978C8CC89F62F,6CBA3D1C5E7E9BE4B03B1B1BDC617D15
ERR2179556,2017-10-26 08:38:31,2018-11-22 17:38:25,231901545,69427888877,231901545,299,18933,GCA_000002305.1,https://sra-download.ncbi.nlm.nih.gov/traces/era23/ERR/ERR2179/ERR2179556,ERX2235975,unspecified,WGS,RANDOM,GENOMIC,PAIRED,300,0,ILLUMINA,Illumina HiSeq 3000,ERP016448,PRJEB14779,,342990,ERS1982329,SAMEA104357351,simple,9796,Equus caballus,SAMEA104357351,,,,,,,no,,,,,"INSTITUTE OF GENETICS, UNIVERSITY OF BERN, SWITZER",ERA1120495,,public,DE71F4BF66F3376BE6434E8E17DC125A,91F8D46FB4BBE3EF371BB63B19E9E7FF
ERR2203766,2017-11-28 09:40:41,2018-11-22 19:45:58,240052341,71794107234,240052341,299,19090,GCA_000002305.1,https://sra-download.ncbi.nlm.nih.gov/traces/era23/ERR/ERR2203/ERR2203766,ERX2258140,unspecified,WGS,RANDOM,GENOMIC,PAIRED,300,0,ILLUMINA,Illumina HiSeq 3000,ERP016448,PRJEB14779,,342990,ERS2017586,SAMEA104399644,simple,9796,Equus caballus,SAMEA104399644,,,,,,,no,,,,,"INSTITUTE OF GENETICS, UNIVERSITY OF BERN, SWITZER",ERA1141701,,public,5BEF14328A9622804A7E4AC52DDDFF8F,382EEB435F87E8EDBC5F095C0E32A117
ERR3143083,2019-02-13 22:51:28,2019-05-24 20:00:02,72430014,21873864228,72430014,302,5035,GCA_000002305.1,https://sra-download.ncbi.nlm.nih.gov/traces/era22/ERR/ERR3143/ERR3143083,ERX3172049,DN503033K:C1,WGS,RANDOM,GENOMIC,PAIRED,340,110,ILLUMINA,HiSeq X Ten,ERP105537,PRJEB23760,,522105,ERS2045547,SAMEA104427605,simple,9796,Equus caballus,SAMEA104427605,,,,,,,no,,,,,WELLCOME SANGER INSTITUTE,ERA1735261,,public,DF5ED88B88DC6E8E50912FB9E59D0702,5212BB51AA05DDB5842B1002AB7FDD32
ERR3143089,2019-02-13 22:51:28,2019-05-24 20:02:57,73046351,22059998002,73046351,302,5059,GCA_000002305.1,https://sra-download.ncbi.nlm.nih.gov/traces/era22/ERR/ERR3143/ERR3143089,ERX3172055,DN503033K:C1,WGS,RANDOM,GENOMIC,PAIRED,340,110,ILLUMINA,HiSeq X Ten,ERP105537,PRJEB23760,,522105,ERS2045547,SAMEA104427605,simple,9796,Equus caballus,SAMEA104427605,,,,,,,no,,,,,WELLCOME SANGER INSTITUTE,ERA1735261,,public,EF67BB8D18D7428B64C41591432A0118,7FB7AA9BE6491E8901842BF9F776648D
ERR3143095,2019-02-13 22:51:28,2019-05-24 20:07:10,76184183,23007623266,76184183,302,4934,GCA_000002305.1,https://sra-download.ncbi.nlm.nih.gov/traces/era22/ERR/ERR3143/ERR3143095,ERX3172061,DN503033K:C1,WGS,RANDOM,GENOMIC,PAIRED,318,96,ILLUMINA,HiSeq X Ten,ERP105537,PRJEB23760,,522105,ERS2045547,SAMEA104427605,simple,9796,Equus caballus,SAMEA104427605,,,,,,,no,,,,,WELLCOME SANGER INSTITUTE,ERA1735261,,public,9D2705019E57819A377AB5E9D7BEDED9,4364F3E436458FA24F534D6E7C8FDC36
ERR3143101,2019-02-13 22:51:28,2019-05-24 20:01:40,78530222,23716127044,78530222,302,5172,GCA_000002305.1,https://sra-download.ncbi.nlm.nih.gov/traces/era22/ERR/ERR3143/ERR3143101,ERX3172067,DN503033K:C1,WGS,RANDOM,GENOMIC,PAIRED,331,105,ILLUMINA,HiSeq X Ten,ERP105537,PRJEB23760,,522105,ERS2045547,SAMEA104427605,simple,9796,Equus caballus,SAMEA104427605,,,,,,,no,,,,,WELLCOME SANGER INSTITUTE,ERA1735261,,public,9F998B2E6CFA56BA3BF698C9265EDF78,1642AE28F7467D04F4BCF590A2E2382D
ERR3143102,2019-02-13 22:51:28,2019-05-24 20:04:27,77773766,23487677332,77773766,302,5050,GCA_000002305.1,https://sra-download.ncbi.nlm.nih.gov/traces/era22/ERR/ERR3143/ERR3143102,ERX3172068,DN503033K:F1,WGS,RANDOM,GENOMIC,PAIRED,329,98,ILLUMINA,HiSeq X Ten,ERP105537,PRJEB23760,,522105,ERS2045550,SAMEA104427608,simple,9796,Equus caballus,SAMEA104427608,,,,,,,no,,,,,WELLCOME SANGER INSTITUTE,ERA1735261,,public,1FE508F3070CB2694904EF098F8FD965,B50C64DE559B212803829F256BB1BEE2
ERR3143096,2019-02-13 22:51:28,2019-05-24 20:14:18,76110799,22985461298,76110799,302,4883,GCA_000002305.1,https://sra-download.ncbi.nlm.nih.gov/traces/era22/ERR/ERR3143/ERR3143096,ERX3172062,DN503033K:F1,WGS,RANDOM,GENOMIC,PAIRED,319,93,ILLUMINA,HiSeq X Ten,ERP105537,PRJEB23760,,522105,ERS2045550,SAMEA104427608,simple,9796,Equus caballus,SAMEA104427608,,,,,,,no,,,,,WELLCOME SANGER INSTITUTE,ERA1735261,,public,B25508E5CBB0A8B3DA85E772C52ADA66,1EA7F44E62D5EBB644839D42EFC2B21C
ERR3143108,2019-02-13 22:51:28,2019-05-24 20:05:51,77408720,23377433440,77408720,302,5420,GCA_000002305.1,https://sra-download.ncbi.nlm.nih.gov/traces/era22/ERR/ERR3143/ERR3143108,ERX3172074,DN503033K:F1,WGS,RANDOM,GENOMIC,PAIRED,345,110,ILLUMINA,HiSeq X Ten,ERP105537,PRJEB23760,,522105,ERS2045550,SAMEA104427608,simple,9796,Equus caballus,SAMEA104427608,,,,,,,no,,,,,WELLCOME SANGER INSTITUTE,ERA1735261,,public,71740451B00838B01BDF7335F7E54CDF,758DEA4556C3263A58E1756089B568F3
ERR3143090,2019-02-13 22:51:28,2019-05-24 19:57:09,71277105,21525685710,71277105,302,4854,GCA_000002305.1,https://sra-download.ncbi.nlm.nih.gov/traces/era22/ERR/ERR3143/ERR3143090,ERX3172056,DN503033K:F1,WGS,RANDOM,GENOMIC,PAIRED,340,107,ILLUMINA,HiSeq X Ten,ERP105537,PRJEB23760,,522105,ERS2045550,SAMEA104427608,simple,9796,Equus caballus,SAMEA104427608,,,,,,,no,,,,,WELLCOME SANGER INSTITUTE,ERA1735261,,public,CA3D277EE35B2D10351494FB14FB30F3,045DDBC091F2BA181875DC4E87D795AD
ERR3143084,2019-02-13 22:51:28,2019-05-24 19:47:16,71101517,21472658134,71101517,302,4878,GCA_000002305.1,https://sra-download.ncbi.nlm.nih.gov/traces/era22/ERR/ERR3143/ERR3143084,ERX3172050,DN503033K:F1,WGS,RANDOM,GENOMIC,PAIRED,340,104,ILLUMINA,HiSeq X Ten,ERP105537,PRJEB23760,,522105,ERS2045550,SAMEA104427608,simple,9796,Equus caballus,SAMEA104427608,,,,,,,no,,,,,WELLCOME SANGER INSTITUTE,ERA1735261,,public,9D4090C783B5F6FFF767944629807702,F8C3B54E53C5BB3BD7D671346FB88A45
ERR3143085,2019-02-13 22:51:28,2019-05-24 19:49:12,62506928,18877092256,62506928,302,4256,GCA_000002305.1,https://sra-download.ncbi.nlm.nih.gov/traces/era22/ERR/ERR3143/ERR3143085,ERX3172051,DN503033K:A2,WGS,RANDOM,GENOMIC,PAIRED,330,105,ILLUMINA,HiSeq X Ten,ERP105537,PRJEB23760,,522105,ERS2045553,SAMEA104427611,simple,9796,Equus caballus,SAMEA104427611,,,,,,,no,,,,,WELLCOME SANGER INSTITUTE,ERA1735261,,public,BA76D6F45352A32ACF0061D532619BA9,8039A135F84A2086E09C55DEAF6443C6
ERR3143091,2019-02-13 22:51:28,2019-05-24 19:58:36,62686975,18931466450,62686975,302,4250,GCA_000002305.1,https://sra-download.ncbi.nlm.nih.gov/traces/era22/ERR/ERR3143/ERR3143091,ERX3172057,DN503033K:A2,WGS,RANDOM,GENOMIC,PAIRED,329,102,ILLUMINA,HiSeq X Ten,ERP105537,PRJEB23760,,522105,ERS2045553,SAMEA104427611,simple,9796,Equus caballus,SAMEA104427611,,,,,,,no,,,,,WELLCOME SANGER INSTITUTE,ERA1735261,,public,F0D6393C0B15C1E139E9CB7660576DCC,33185F09446F43808B7030D4140C1E9F
ERR3143109,2019-02-13 22:51:28,2019-05-24 19:55:48,67369795,20345678090,67369795,302,4665,GCA_000002305.1,https://sra-download.ncbi.nlm.nih.gov/traces/era22/ERR/ERR3143/ERR3143109,ERX3172075,DN503033K:A2,WGS,RANDOM,GENOMIC,PAIRED,331,106,ILLUMINA,HiSeq X Ten,ERP105537,PRJEB23760,,522105,ERS2045553,SAMEA104427611,simple,9796,Equus caballus,SAMEA104427611,,,,,,,no,,,,,WELLCOME SANGER INSTITUTE,ERA1735261,,public,9B3AE2ACEA5EB9B1FD0E7F5322DC5CA8,A373FB106CF7ECBEFA48692A0929682D
ERR3143097,2019-02-13 22:51:28,2019-05-24 20:03:37,70301565,21231072630,70301565,302,4463,GCA_000002305.1,https://sra-download.ncbi.nlm.nih.gov/traces/era22/ERR/ERR3143/ERR3143097,ERX3172063,DN503033K:A2,WGS,RANDOM,GENOMIC,PAIRED,308,90,ILLUMINA,HiSeq X Ten,ERP105537,PRJEB23760,,522105,ERS2045553,SAMEA104427611,simple,9796,Equus caballus,SAMEA104427611,,,,,,,no,,,,,WELLCOME SANGER INSTITUTE,ERA1735261,,public,8A271B516A4E8D0433791ACFC937B85C,0619DF051401321E7037A290DA1D42C4
ERR3143103,2019-02-13 22:51:28,2019-05-24 19:56:19,70767538,21371796476,70767538,302,4550,GCA_000002305.1,https://sra-download.ncbi.nlm.nih.gov/traces/era22/ERR/ERR3143/ERR3143103,ERX3172069,DN503033K:A2,WGS,RANDOM,GENOMIC,PAIRED,319,98,ILLUMINA,HiSeq X Ten,ERP105537,PRJEB23760,,522105,ERS2045553,SAMEA104427611,simple,9796,Equus caballus,SAMEA104427611,,,,,,,no,,,,,WELLCOME SANGER INSTITUTE,ERA1735261,,public,A4FD220B320AFE9A805A0B77B0B8896A,6085EBD114D5781D36A635DB5EE64F35
ERR3143104,2019-02-13 22:51:28,2019-05-24 20:09:59,70540774,21303313748,70540774,302,4680,GCA_000002305.1,https://sra-download.ncbi.nlm.nih.gov/traces/era22/ERR/ERR3143/ERR3143104,ERX3172070,DN503033K:C2,WGS,RANDOM,GENOMIC,PAIRED,330,104,ILLUMINA,HiSeq X Ten,ERP105537,PRJEB23760,,522105,ERS2045555,SAMEA104427613,simple,9796,Equus caballus,SAMEA104427613,,,,,,,no,,,,,WELLCOME SANGER INSTITUTE,ERA1735261,,public,8393B70846C532B545EA8B3A4B0174D4,DB79B5C17F216619CE2F0B3BFA660672
ERR3143098,2019-02-13 22:51:28,2019-05-24 20:10:58,69099751,20868124802,69099751,302,4547,GCA_000002305.1,https://sra-download.ncbi.nlm.nih.gov/traces/era22/ERR/ERR3143/ERR3143098,ERX3172064,DN503033K:C2,WGS,RANDOM,GENOMIC,PAIRED,321,95,ILLUMINA,HiSeq X Ten,ERP105537,PRJEB23760,,522105,ERS2045555,SAMEA104427613,simple,9796,Equus caballus,SAMEA104427613,,,,,,,no,,,,,WELLCOME SANGER INSTITUTE,ERA1735261,,public,3B5A5439B41B94DE771A8794469FEAE3,577735BA7AAD419FE9B689A52DBEE90F
ERR3143110,2019-02-13 22:51:28,2019-05-24 20:04:49,69542294,21001772788,69542294,302,4892,GCA_000002305.1,https://sra-download.ncbi.nlm.nih.gov/traces/era22/ERR/ERR3143/ERR3143110,ERX3172076,DN503033K:C2,WGS,RANDOM,GENOMIC,PAIRED,350,116,ILLUMINA,HiSeq X Ten,ERP105537,PRJEB23760,,522105,ERS2045555,SAMEA104427613,simple,9796,Equus caballus,SAMEA104427613,,,,,,,no,,,,,WELLCOME SANGER INSTITUTE,ERA1735261,,public,23586355B36BA58D8C75E85259FA0F75,106CDF67E0D3661758B061307EF97EEE
ERR3143092,2019-02-13 22:51:28,2019-05-24 20:04:49,64133698,19368376796,64133698,302,4450,GCA_000002305.1,https://sra-download.ncbi.nlm.nih.gov/traces/era22/ERR/ERR3143/ERR3143092,ERX3172058,DN503033K:C2,WGS,RANDOM,GENOMIC,PAIRED,342,108,ILLUMINA,HiSeq X Ten,ERP105537,PRJEB23760,,522105,ERS2045555,SAMEA104427613,simple,9796,Equus caballus,SAMEA104427613,,,,,,,no,,,,,WELLCOME SANGER INSTITUTE,ERA1735261,,public,06AF02A8145C77F960882CB4BDF53F84,B5D67DB64CF111D73FAB1DBE8C32B3BF
ERR3143086,2019-02-13 22:51:28,2019-05-24 19:43:18,64060504,19346272208,64060504,302,4468,GCA_000002305.1,https://sra-download.ncbi.nlm.nih.gov/traces/era22/ERR/ERR3143/ERR3143086,ERX3172052,DN503033K:C2,WGS,RANDOM,GENOMIC,PAIRED,340,113,ILLUMINA,HiSeq X Ten,ERP105537,PRJEB23760,,522105,ERS2045555,SAMEA104427613,simple,9796,Equus caballus,SAMEA104427613,,,,,,,no,,,,,WELLCOME SANGER INSTITUTE,ERA1735261,,public,F5405596F864004F3B9F9132B21DE3A4,BBCFA28BB6307DFCEB7B01A958D1CD6B
ERR3143087,2019-02-13 22:51:28,2019-05-24 19:46:22,65137113,19671408126,65137113,302,5176,GCA_000002305.1,https://sra-download.ncbi.nlm.nih.gov/traces/era22/ERR/ERR3143/ERR3143087,ERX3172053,DN503033K:D2,WGS,RANDOM,GENOMIC,PAIRED,345,114,ILLUMINA,HiSeq X Ten,ERP105537,PRJEB23760,,522105,ERS2045556,SAMEA104427614,simple,9796,Equus caballus,SAMEA104427614,,,,,,,no,,,,,WELLCOME SANGER INSTITUTE,ERA1735261,,public,FAB38CF80B011D85D3B53EB6132264C2,8918AF1DAE6136C2FB23DDB01400D8EE
ERR3143093,2019-02-13 22:51:28,2019-05-24 20:07:10,65700631,19841590562,65700631,302,5196,GCA_000002305.1,https://sra-download.ncbi.nlm.nih.gov/traces/era22/ERR/ERR3143/ERR3143093,ERX3172059,DN503033K:D2,WGS,RANDOM,GENOMIC,PAIRED,344,115,ILLUMINA,HiSeq X Ten,ERP105537,PRJEB23760,,522105,ERS2045556,SAMEA104427614,simple,9796,Equus caballus,SAMEA104427614,,,,,,,no,,,,,WELLCOME SANGER INSTITUTE,ERA1735261,,public,C9A519D098D6B466EEE39BC61CA0D082,4BCBB9FFC115F583CE94D422EFCAB116
ERR3143111,2019-02-13 22:51:28,2019-05-24 20:29:14,70735044,21361983288,70735044,302,5853,GCA_000002305.1,https://sra-download.ncbi.nlm.nih.gov/traces/era22/ERR/ERR3143/ERR3143111,ERX3172077,DN503033K:D2,WGS,RANDOM,GENOMIC,PAIRED,348,117,ILLUMINA,HiSeq X Ten,ERP105537,PRJEB23760,,522105,ERS2045556,SAMEA104427614,simple,9796,Equus caballus,SAMEA104427614,,,,,,,no,,,,,WELLCOME SANGER INSTITUTE,ERA1735261,,public,C51C9B71E8B156636AE92A1350383CD5,F7413085FD8F469040FDE3BF4C785450
ERR3143099,2019-02-13 22:51:28,2019-05-24 20:10:05,68924451,20815184202,68924451,302,5203,GCA_000002305.1,https://sra-download.ncbi.nlm.nih.gov/traces/era22/ERR/ERR3143/ERR3143099,ERX3172065,DN503033K:D2,WGS,RANDOM,GENOMIC,PAIRED,321,99,ILLUMINA,HiSeq X Ten,ERP105537,PRJEB23760,,522105,ERS2045556,SAMEA104427614,simple,9796,Equus caballus,SAMEA104427614,,,,,,,no,,,,,WELLCOME SANGER INSTITUTE,ERA1735261,,public,18FADBF0808E0D96A5915EAB98AE664C,23C499194D5C4B52CACD92C7EEDAE5D4
ERR3143105,2019-02-13 22:51:28,2019-05-24 20:24:56,70380221,21254826742,70380221,302,5355,GCA_000002305.1,https://sra-download.ncbi.nlm.nih.gov/traces/era22/ERR/ERR3143/ERR3143105,ERX3172071,DN503033K:D2,WGS,RANDOM,GENOMIC,PAIRED,333,107,ILLUMINA,HiSeq X Ten,ERP105537,PRJEB23760,,522105,ERS2045556,SAMEA104427614,simple,9796,Equus caballus,SAMEA104427614,,,,,,,no,,,,,WELLCOME SANGER INSTITUTE,ERA1735261,,public,84944BFEE3DBCDAB17C4111D3DAA9E7A,A943F6FA550DA337CA8E36BC96BDAD67
ERR3143100,2019-02-13 22:51:28,2019-05-24 20:29:48,77552272,23420786144,77552272,302,5110,GCA_000002305.1,https://sra-download.ncbi.nlm.nih.gov/traces/era22/ERR/ERR3143/ERR3143100,ERX3172066,DN503033K:F2,WGS,RANDOM,GENOMIC,PAIRED,319,96,ILLUMINA,HiSeq X Ten,ERP105537,PRJEB23760,,522105,ERS2045558,SAMEA104427616,simple,9796,Equus caballus,SAMEA104427616,,,,,,,no,,,,,WELLCOME SANGER INSTITUTE,ERA1735261,,public,BA1A2D8B85FB8B54EE63E431ED36F1CD,907CF871B5F36F626016B2F6B5B3BA0E
ERR3143112,2019-02-13 22:51:28,2019-05-24 20:07:50,80562371,24329836042,80562371,302,5789,GCA_000002305.1,https://sra-download.ncbi.nlm.nih.gov/traces/era22/ERR/ERR3143/ERR3143112,ERX3172078,DN503033K:F2,WGS,RANDOM,GENOMIC,PAIRED,344,113,ILLUMINA,HiSeq X Ten,ERP105537,PRJEB23760,,522105,ERS2045558,SAMEA104427616,simple,9796,Equus caballus,SAMEA104427616,,,,,,,no,,,,,WELLCOME SANGER INSTITUTE,ERA1735261,,public,EB6E857A6F44BBC3AE9100B4852B8725,0D223944DA0345BF13BA29EAD0FFFAE0
ERR3143094,2019-02-13 22:51:28,2019-05-24 20:27:09,73612064,22230843328,73612064,302,5099,GCA_000002305.1,https://sra-download.ncbi.nlm.nih.gov/traces/era22/ERR/ERR3143/ERR3143094,ERX3172060,DN503033K:F2,WGS,RANDOM,GENOMIC,PAIRED,338,110,ILLUMINA,HiSeq X Ten,ERP105537,PRJEB23760,,522105,ERS2045558,SAMEA104427616,simple,9796,Equus caballus,SAMEA104427616,,,,,,,no,,,,,WELLCOME SANGER INSTITUTE,ERA1735261,,public,721D84C26614DFDC12C4D7E0C2810062,6794D82ACB854F813071097FDD188ED9
ERR3143088,2019-02-13 22:51:28,2019-05-24 19:47:43,73555201,22213670702,73555201,302,5126,GCA_000002305.1,https://sra-download.ncbi.nlm.nih.gov/traces/era22/ERR/ERR3143/ERR3143088,ERX3172054,DN503033K:F2,WGS,RANDOM,GENOMIC,PAIRED,338,108,ILLUMINA,HiSeq X Ten,ERP105537,PRJEB23760,,522105,ERS2045558,SAMEA104427616,simple,9796,Equus caballus,SAMEA104427616,,,,,,,no,,,,,WELLCOME SANGER INSTITUTE,ERA1735261,,public,B74F0E87ABF34631367E07720ED805B4,3CAB17AFB3F0C6332373B15BB105695D
ERR3317814,2019-05-11 06:40:58,2019-05-16 12:45:32,237708379,71259689539,237708379,299,7337,PJAA01,https://sra-download.ncbi.nlm.nih.gov/traces/era10/ERR/ERR3317/ERR3317814,ERX3343242,unspecified,WGS,RANDOM,GENOMIC,PAIRED,79,0,ILLUMINA,Illumina NovaSeq 6000,ERP016448,PRJEB14779,,342990,ERS3404972,SAMEA5600769,simple,9796,Equus caballus,DR035,,,,,,,no,,,,,"INSTITUTE OF GENETICS, UNIVERSITY OF BERN, SWITZER",ERA1891854,,public,B2AA42EC29E8337FD922CE29604E8048,9AB51E64F807BD564C14CF1CF823CEA6
ERR1021816,2015-11-24 04:50:18,2016-03-05 15:11:32,216836062,26180537157,29508496,120,8675,assembly,https://sra-download.ncbi.nlm.nih.gov/traces/era14/ERR/ERR1021/ERR1021816,ERX1100750,Combined,WGS,RANDOM,GENOMIC,PAIRED,0,0,ILLUMINA,Illumina HiSeq 2000,ERP012152,PRJEB10854,,303973,ERS849386,SAMEA3542237,simple,9796,Equus caballus,SAMEA3542237,,,,,male,,no,,,,,CENTRE FOR GEOGENETICS,ERA486205,,public,DE4ED6E7B2B0C3979286BC97EBF5C177,4758AD14DD375052D83F50DDA75B6617
ERR1021817,2015-11-24 04:50:18,2016-03-05 16:06:14,345169436,45774341986,81442770,132,16908,assembly,https://sra-download.ncbi.nlm.nih.gov/traces/era14/ERR/ERR1021/ERR1021817,ERX1100751,Combined,WGS,RANDOM,GENOMIC,PAIRED,0,0,ILLUMINA,Illumina HiSeq 2000,ERP012152,PRJEB10854,,303973,ERS849387,SAMEA3542238,simple,9796,Equus caballus,SAMEA3542238,,,,,female,,no,,,,,CENTRE FOR GEOGENETICS,ERA486205,,public,86F41E19099706645BF181556DCC29DF,C97EB73796587C519E4250A0017EEED3
ERR1021818,2015-11-24 04:50:18,2016-03-05 15:05:18,211652616,26521197097,38192515,125,9299,assembly,https://sra-download.ncbi.nlm.nih.gov/traces/era14/ERR/ERR1021/ERR1021818,ERX1100752,Combined,WGS,RANDOM,GENOMIC,PAIRED,0,0,ILLUMINA,Illumina HiSeq 2000,ERP012152,PRJEB10854,,303973,ERS849388,SAMEA3542239,simple,9796,Equus caballus,SAMEA3542239,,,,,female,,no,,,,,CENTRE FOR GEOGENETICS,ERA486205,,public,1628399CD1FA1E23536EBC1B41A96E33,AEAB0FA5E591E5B22E319B31A19F30F0
ERR1021819,2015-11-24 04:50:18,2016-03-05 15:36:15,179744710,22572554328,32702092,125,7824,assembly,https://sra-download.ncbi.nlm.nih.gov/traces/era14/ERR/ERR1021/ERR1021819,ERX1100753,Combined,WGS,RANDOM,GENOMIC,PAIRED,0,0,ILLUMINA,Illumina HiSeq 2000,ERP012152,PRJEB10854,,303973,ERS849389,SAMEA3542240,simple,9796,Equus caballus,SAMEA3542240,,,,,male,,no,,,,,CENTRE FOR GEOGENETICS,ERA486205,,public,01311A04D150D837C1A60579DF7B71E1,66BF4266059C0ED6C5369CF07E2F0204
ERR1021820,2015-11-24 04:50:18,2016-03-05 15:10:28,216433823,26192556168,32206329,121,8819,assembly,https://sra-download.ncbi.nlm.nih.gov/traces/era14/ERR/ERR1021/ERR1021820,ERX1100754,Combined,WGS,RANDOM,GENOMIC,PAIRED,0,0,ILLUMINA,Illumina HiSeq 2000,ERP012152,PRJEB10854,,303973,ERS849390,SAMEA3542241,simple,9796,Equus caballus,SAMEA3542241,,,,,female,,no,,,,,CENTRE FOR GEOGENETICS,ERA486205,,public,93CB301A860D0C23C592B305E9815BDB,5964848C3DD7C23F44B4BE98BBA3E6BA
ERR1021821,2015-11-24 04:50:18,2016-03-05 15:27:11,239532113,28981450098,33501978,120,9683,assembly,https://sra-download.ncbi.nlm.nih.gov/traces/era14/ERR/ERR1021/ERR1021821,ERX1100755,Combined,WGS,RANDOM,GENOMIC,PAIRED,0,0,ILLUMINA,Illumina HiSeq 2000,ERP012152,PRJEB10854,,303973,ERS849391,SAMEA3542242,simple,9796,Equus caballus,SAMEA3542242,,,,,female,,no,,,,,CENTRE FOR GEOGENETICS,ERA486205,,public,BD88006CAB406B6C18FB8BA568907816,8940A0ED449BC6C902336C7E165507C7
ERR1021822,2015-11-24 04:50:18,2016-03-05 17:14:52,427270303,53849706786,81942217,126,19088,assembly,https://sra-download.ncbi.nlm.nih.gov/traces/era14/ERR/ERR1021/ERR1021822,ERX1100756,Combined,WGS,RANDOM,GENOMIC,PAIRED,0,0,ILLUMINA,Illumina HiSeq 2000,ERP012152,PRJEB10854,,303973,ERS849392,SAMEA3542243,simple,9796,Equus caballus,SAMEA3542243,,,,,female,,no,,,,,CENTRE FOR GEOGENETICS,ERA486205,,public,3AFAF15B4C7EC680C27016866C9E7BCE,79EBC35706AA69274F0FB50DB58C2703
ERR1021823,2015-11-24 04:50:18,2016-03-05 15:12:29,183614968,23595045937,36717450,128,8386,assembly,https://sra-download.ncbi.nlm.nih.gov/traces/era14/ERR/ERR1021/ERR1021823,ERX1100757,Combined,WGS,RANDOM,GENOMIC,PAIRED,0,0,ILLUMINA,Illumina HiSeq 2000,ERP012152,PRJEB10854,,303973,ERS849393,SAMEA3542244,simple,9796,Equus caballus,SAMEA3542244,,,,,male,,no,,,,,CENTRE FOR GEOGENETICS,ERA486205,,public,D0877C40CECD1136B8BAD6527DEB603A,6131EC36958595CD3D9C4DC96D305F9A
ERR1021824,2015-11-24 04:50:18,2016-03-05 15:21:40,185874806,24531298426,44553107,131,9092,assembly,https://sra-download.ncbi.nlm.nih.gov/traces/era14/ERR/ERR1021/ERR1021824,ERX1100758,Combined,WGS,RANDOM,GENOMIC,PAIRED,0,0,ILLUMINA,Illumina HiSeq 2000,ERP012152,PRJEB10854,,303973,ERS849394,SAMEA3542245,simple,9796,Equus caballus,SAMEA3542245,,,,,male,,no,,,,,CENTRE FOR GEOGENETICS,ERA486205,,public,0CDE41EC9BF585ACE8C806EFF50E5578,A41427F1CACDB1F890C69BA9424A1FEB
ERR1034545,2015-11-24 04:51:17,2016-03-04 23:13:13,562271884,50723246502,0,90,22480,assembly,https://sra-download.ncbi.nlm.nih.gov/traces/era14/ERR/ERR1034/ERR1034545,ERX1113343,Combined,WGS,RANDOM,GENOMIC,SINGLE,0,0,ILLUMINA,Illumina HiSeq 2000,ERP012152,PRJEB10854,,303973,ERS849397,SAMEA3542248,simple,9796,Equus caballus,SAMEA3542248,,,,,male,,no,,,,,CENTRE FOR GEOGENETICS,ERA490202,,public,F4CCB284E9EBE74495B369DAAD3626A6,18DD58DCC6E3325ABBFBE7E1966E6FAA
ERR1305961,2016-05-09 11:28:21,2018-11-25 16:40:50,252986033,51103178666,252986033,202,24345,GCA_000002305.1,https://sra-download.ncbi.nlm.nih.gov/traces/era23/ERR/ERR1305/ERR1305961,ERX1377584,UKH4-LIB,WGS,RANDOM,GENOMIC,PAIRED,350,0,ILLUMINA,Illumina HiSeq 2500,ERP014514,PRJEB12979,,321014,ERS1076964,SAMEA3889830,simple,9796,Equus caballus,SAMEA3889830,,,,,,,no,,,,,"INSTITUTE OF GENETICS, UNIVERSITY OF BERN, SWITZER",ERA571056,,public,8E77977D83E6D87A56A34CE30C76085E,AC0F0FBB7AE705D1BB46FB9CA86C95ED
ERR1305962,2016-05-09 11:28:21,2018-11-25 16:03:32,117538087,29619597924,117538087,252,7105,GCA_000002305.1,https://sra-download.ncbi.nlm.nih.gov/traces/era23/ERR/ERR1305/ERR1305962,ERX1377585,UKH11-LIB,WGS,RANDOM,GENOMIC,PAIRED,350,0,ILLUMINA,Illumina HiSeq 2500,ERP014514,PRJEB12979,,321014,ERS1076965,SAMEA3889831,simple,9796,Equus caballus,SAMEA3889831,,,,,,,no,,,,,"INSTITUTE OF GENETICS, UNIVERSITY OF BERN, SWITZER",ERA571056,,public,5624701BD422B3592C668467CFC8DF9F,FC62958C38EC7FE3FEECB956DBF6D91D
ERR1305963,2016-05-09 11:28:21,2018-11-25 16:43:36,224060487,56463242724,224060487,252,14581,GCA_000002305.1,https://sra-download.ncbi.nlm.nih.gov/traces/era23/ERR/ERR1305/ERR1305963,ERX1377586,UKH16-LIB,WGS,RANDOM,GENOMIC,PAIRED,350,0,ILLUMINA,Illumina HiSeq 2500,ERP014514,PRJEB12979,,321014,ERS1076966,SAMEA3889832,simple,9796,Equus caballus,SAMEA3889832,,,,,,,no,,,,,"INSTITUTE OF GENETICS, UNIVERSITY OF BERN, SWITZER",ERA571056,,public,F294F6330B8248DEE289524030B317FB,38F3CC251B4F73618A958C55D93E90CE
ERR1305964,2016-05-09 11:28:21,2018-11-25 16:28:18,164271530,41396425560,164271530,252,9570,GCA_000002305.1,https://sra-download.ncbi.nlm.nih.gov/traces/era23/ERR/ERR1305/ERR1305964,ERX1377587,UKH29-LIB,WGS,RANDOM,GENOMIC,PAIRED,350,0,ILLUMINA,Illumina HiSeq 2500,ERP014514,PRJEB12979,,321014,ERS1076967,SAMEA3889833,simple,9796,Equus caballus,SAMEA3889833,,,,,,,no,,,,,"INSTITUTE OF GENETICS, UNIVERSITY OF BERN, SWITZER",ERA571056,,public,0DFF7C579A25B433883BA2B54500F38A,ED1874D544B45FB5DAD6CC94B7DD4E9A
ERR1306526,2016-03-12 00:57:33,2018-11-25 16:51:49,237497603,47974515806,237497603,202,23646,GCA_000002305.1,https://sra-download.ncbi.nlm.nih.gov/traces/era23/ERR/ERR1306/ERR1306526,ERX1378149,UKH3-LIB,WGS,RANDOM,GENOMIC,PAIRED,350,0,ILLUMINA,Illumina HiSeq 2500,ERP014519,PRJEB12984,,314858,ERS1077465,SAMEA3890331,simple,9796,Equus caballus,SAMEA3890331,,,,,,,no,,,,,"INSTITUTE OF GENETICS, UNIVERSITY OF BERN, SWITZER",ERA571068,,public,8E200E6178CA7B25C8AB78E07E8B9A16,901FF9948529CFB79277D9B0A5262D1B
ERR1397959,2016-07-05 10:46:19,2018-11-25 18:07:49,45333640,13533457678,45333640,298,3766,GCA_000002305.1,https://sra-download.ncbi.nlm.nih.gov/traces/era23/ERR/ERR1397/ERR1397959,ERX1469218,unspecified,WGS,size fractionation,GENOMIC,PAIRED,600,0,ILLUMINA,NextSeq 500,ERP015442,PRJEB13863,,327728,ERS1138351,SAMEA3951217,simple,9796,Equus caballus,SAMEA3951217,,,,,,,no,,,,,UNIVERSITY MEDICAL CENTER UTRECHT,ERA612874,,public,84BFCA556F1F972CC095320CE18A3507,290555EEE6A7C8ACBFD25598424BA69E
ERR1397960,2016-07-05 10:46:19,2018-11-25 18:12:46,51836276,15492703444,51836276,298,4194,GCA_000002305.1,https://sra-download.ncbi.nlm.nih.gov/traces/era23/ERR/ERR1397/ERR1397960,ERX1469219,unspecified,WGS,size fractionation,GENOMIC,PAIRED,600,0,ILLUMINA,NextSeq 500,ERP015442,PRJEB13863,,327728,ERS1138352,SAMEA3951218,simple,9796,Equus caballus,SAMEA3951218,,,,,,,no,,,,,UNIVERSITY MEDICAL CENTER UTRECHT,ERA612874,,public,AC297F667C2D3B8BCD53C01CECBB1A95,7532E6828AA1E9FD4B975E33AAFF26A2
ERR1397961,2016-07-05 10:46:19,2018-11-25 18:27:29,99724142,29980400622,99724142,300,10387,GCA_000002305.1,https://sra-download.ncbi.nlm.nih.gov/traces/era23/ERR/ERR1397/ERR1397961,ERX1469220,unspecified,WGS,size fractionation,GENOMIC,PAIRED,600,0,ILLUMINA,NextSeq 500,ERP015442,PRJEB13863,,327728,ERS1138353,SAMEA3951219,simple,9796,Equus caballus,SAMEA3951219,,,,,,,no,,,,,UNIVERSITY MEDICAL CENTER UTRECHT,ERA612874,,public,89C2DDF31616F761688F27D6F0C4B6D8,798CB850D6E7E941C862B7F66B41B3E0
ERR1397962,2016-07-05 10:46:19,2016-07-05 13:55:20,104630876,31436861101,104630876,300,10957,GCF_000002305.2,https://sra-download.ncbi.nlm.nih.gov/traces/era16/ERR/ERR1397/ERR1397962,ERX1469221,unspecified,WGS,size fractionation,GENOMIC,PAIRED,600,0,ILLUMINA,NextSeq 500,ERP015442,PRJEB13863,,327728,ERS1138354,SAMEA3951220,simple,9796,Equus caballus,SAMEA3951220,,,,,,,no,,,,,UNIVERSITY MEDICAL CENTER UTRECHT,ERA612874,,public,B3EC8196F8460ADFBCEB2C28B67DD7CB,6ABA74EEC2C81C54AAF3FA0288359697
ERR1397963,2016-07-05 10:46:19,2018-11-25 18:32:03,102262077,30732717747,102262077,300,10752,GCA_000002305.1,https://sra-download.ncbi.nlm.nih.gov/traces/era23/ERR/ERR1397/ERR1397963,ERX1469222,unspecified,WGS,size fractionation,GENOMIC,PAIRED,600,0,ILLUMINA,NextSeq 500,ERP015442,PRJEB13863,,327728,ERS1138355,SAMEA3951221,simple,9796,Equus caballus,SAMEA3951221,,,,,,,no,,,,,UNIVERSITY MEDICAL CENTER UTRECHT,ERA612874,,public,FC1AED7C2C2F1EB35D91CBD054EFFF8B,41CB169C2A7A763007C01CAAAE256F47
ERR1397964,2016-07-05 10:46:19,2018-11-25 18:32:50,96543575,28916370204,96543575,299,7704,GCA_000002305.1,https://sra-download.ncbi.nlm.nih.gov/traces/era23/ERR/ERR1397/ERR1397964,ERX1469223,unspecified,WGS,size fractionation,GENOMIC,PAIRED,600,0,ILLUMINA,NextSeq 500,ERP015442,PRJEB13863,,327728,ERS1138356,SAMEA3951222,simple,9796,Equus caballus,SAMEA3951222,,,,,,,no,,,,,UNIVERSITY MEDICAL CENTER UTRECHT,ERA612874,,public,6D79FE0C7CACA7F22F541DDDB12D7491,AED4EEA7F01680DC6198B2C1B8C5B889
ERR1397965,2016-07-05 10:46:19,2016-07-05 13:45:30,93306018,27860010036,93306018,298,7560,GCF_000002305.2,https://sra-download.ncbi.nlm.nih.gov/traces/era16/ERR/ERR1397/ERR1397965,ERX1469224,unspecified,WGS,size fractionation,GENOMIC,PAIRED,600,0,ILLUMINA,NextSeq 500,ERP015442,PRJEB13863,,327728,ERS1138357,SAMEA3951223,simple,9796,Equus caballus,SAMEA3951223,,,,,,,no,,,,,UNIVERSITY MEDICAL CENTER UTRECHT,ERA612874,,public,B1AB95AD5A9EB7DEC72E51EC9CF00158,C113F6BD073594A000B89CF55B4DA4E5
ERR1512897,2016-07-01 08:32:07,2018-11-26 02:50:50,198509967,59522214614,198509967,299,17891,GCA_000002305.1,https://sra-download.ncbi.nlm.nih.gov/traces/era23/ERR/ERR1512/ERR1512897,ERX1583924,AS002-LIB,WGS,RANDOM,GENOMIC,PAIRED,401,0,ILLUMINA,Illumina HiSeq 2500,ERP016307,PRJEB14651,,327537,ERS1230234,SAMEA4059124,simple,9796,Equus caballus,SAMEA4059124,,,,,,,no,,,,,"INSTITUTE OF GENETICS, UNIVERSITY OF BERN, SWITZER",ERA669866,,public,0BD6C7A1D1C949366A96513DB427624A,BB332BE5501CAA48006F0EE018C7276B
ERR466186,2014-05-14 14:11:58,2014-10-12 02:11:44,117268172,23688170744,117268172,202,11712,GCF_000002305.2,https://sra-download.ncbi.nlm.nih.gov/traces/era9/ERR/ERR466/ERR466186,ERX432422,FM2001-Lib,WGS,RANDOM,GENOMIC,PAIRED,270,0,ILLUMINA,Illumina HiSeq 2000,ERP005387,PRJEB5942,,243008,ERS426822,SAMEA2421738,simple,9796,Equus caballus,SAMEA2421738,,,,,,,no,,,,,UNIBE-IG,ERA295476,,public,6B4FDB55C3DE681BA2CA51A3111221B5,39EF68E197BA657AE5D12C5EEFA689CB
ERR863167,2015-06-26 08:00:07,2016-02-27 03:09:48,134776114,27224775028,134776114,202,10801,EquCab2.0,https://sra-download.ncbi.nlm.nih.gov/sos/sra-pub-run-2/ERR863167/ERR863167.3,ERX942817,IS074-LIB,WGS,RANDOM,GENOMIC,PAIRED,354,0,ILLUMINA,Illumina HiSeq 2000,ERP010217,PRJEB9139,,281805,ERS709890,SAMEA3355589,simple,9796,Equus caballus,SAMEA3355589,,,,,,,no,,,,,UNIBE-IG,ERA432357,,public,AFB858B7F57271C72BE24A4A71E24B0D,E0B5D0E88E12271C430B4CC4F967A67E
ERR868003,2015-05-04 08:35:11,2016-02-27 07:48:25,298030012,60202062424,298030012,202,15031,EquCab2.0,https://sra-download.ncbi.nlm.nih.gov/sos/sra-pub-run-2/ERR868003/ERR868003.3,ERX947604,SPH041-LIB,WGS,RANDOM,GENOMIC,PAIRED,350,0,ILLUMINA,Illumina HiSeq 2000,ERP010352,PRJEB9267,,282934,ERS715261,SAMEA3367609,simple,9796,Equus caballus,SAMEA3367609,,,,,,,no,,,,,"INSTITUTE OF GENETICS, UNIVERSITY OF BERN, SWITZER",ERA434467,,public,2E0A97878DCFD7C098FF916A592D6CA2,37A140E8032C40FFD3761C4C076E5128
ERR868004,2015-05-04 08:35:12,2016-02-27 04:01:24,326562517,65965628434,326562517,202,16380,EquCab2.0,https://sra-download.ncbi.nlm.nih.gov/traces/era13/ERR/ERR868/ERR868004,ERX947605,SPH020-LIB,WGS,RANDOM,GENOMIC,PAIRED,300,0,ILLUMINA,Illumina HiSeq 2000,ERP010354,PRJEB9269,,282935,ERS715262,SAMEA3367610,simple,9796,Equus caballus,SAMEA3367610,,,,,,,no,,,,,"INSTITUTE OF GENETICS, UNIVERSITY OF BERN, SWITZER",ERA434470,,public,6D803E4F9779A1576A1B2187E27B871B,3016133F00C264140529436E5E206E14
ERR793393,2015-05-23 07:27:09,2016-02-27 02:40:24,134776114,27224775028,134776114,202,10782,EquCab2.0,https://sra-download.ncbi.nlm.nih.gov/sos/sra-pub-run-2/ERR793393/ERR793393.3,ERX838040,IS074-LIB,WGS,RANDOM,GENOMIC,PAIRED,354,0,ILLUMINA,Illumina HiSeq 2000,ERP009955,PRJEB8911,,284791,ERS687356,SAMEA3311207,simple,9796,Equus caballus,SAMEA3311207,,,,,,,no,,,,,"INSTITUTE OF GENETICS, UNIVERSITY OF BERN, SWITZER",ERA421630,,public,AFB858B7F57271C72BE24A4A71E24B0D,E0B5D0E88E12271C430B4CC4F967A67E
ERR979793,2015-09-26 08:46:31,2016-02-26 23:33:56,122928505,22481354206,106672391,182,12607,assembly,https://sra-download.ncbi.nlm.nih.gov/sos/sra-pub-run-2/ERR979793/ERR979793.1,ERX1056665,All libraries,WGS,RANDOM,GENOMIC,PAIRED,0,0,ILLUMINA,Illumina HiSeq 2000,ERP011292,PRJEB10098,,297080,ERS806039,SAMEA3498890,simple,9796,Equus caballus,SAMEA3498890,,,,,male,,no,,,,,CENTRE FOR GEOGENETICS,ERA465205,,public,FCFDAE6A0A95D9FC9E8EEBBD5BEE203F,AD9EFBDD75781F9D78172E43F0FAD8D5
ERR979796,2015-09-26 08:46:32,2016-02-27 01:04:03,198136176,37660171569,166755286,190,19811,assembly,https://sra-download.ncbi.nlm.nih.gov/traces/era13/ERR/ERR979/ERR979796,ERX1056668,All libraries,WGS,RANDOM,GENOMIC,PAIRED,0,0,ILLUMINA,Illumina HiSeq 2000,ERP011292,PRJEB10098,,297080,ERS806987,SAMEA3499838,simple,9796,Equus caballus,SAMEA3499838,,,,,female,,no,,,,,CENTRE FOR GEOGENETICS,ERA465205,,public,484491AFB09D5D9C906E4546CCB95816,A490C7744ECC622082288678CD22BCFA
ERR979801,2015-09-26 15:12:21,2016-02-27 00:43:09,178539304,33087902075,148783283,185,17278,assembly,https://sra-download.ncbi.nlm.nih.gov/sos/sra-pub-run-2/ERR979801/ERR979801.1,ERX1056673,All libraries,WGS,RANDOM,GENOMIC,PAIRED,0,0,ILLUMINA,Illumina HiSeq 2000,ERP011292,PRJEB10098,,297080,ERS806980,SAMEA3499831,simple,9796,Equus caballus,SAMEA3499831,,,,,female,,no,,,,,CENTRE FOR GEOGENETICS,ERA465205,,public,4B475B2D284AEC139D9F1C7CC5B8DD91,DBD16DD4838AD808711BD6990AE87371
ERR979803,2015-09-26 15:12:21,2016-02-26 23:30:12,107522663,20114516612,79420707,187,10356,assembly,https://sra-download.ncbi.nlm.nih.gov/sos/sra-pub-run-2/ERR979803/ERR979803.1,ERX1056675,All libraries,WGS,RANDOM,GENOMIC,PAIRED,0,0,ILLUMINA,Illumina HiSeq 2000,ERP011292,PRJEB10098,,297080,ERS806982,SAMEA3499833,simple,9796,Equus caballus,SAMEA3499833,,,,,male,,no,,,,,CENTRE FOR GEOGENETICS,ERA465205,,public,D5569A8DC5D1C700C8183592D26320AA,E50C1EE17D0011B8132002A5ECA720DF
ERR979799,2015-09-26 18:24:26,2016-02-27 00:14:08,200539351,37706801829,171087865,188,19921,assembly,https://sra-download.ncbi.nlm.nih.gov/sos/sra-pub-run-2/ERR979799/ERR979799.1,ERX1056671,All libraries,WGS,RANDOM,GENOMIC,PAIRED,0,0,ILLUMINA,Illumina HiSeq 2000,ERP011292,PRJEB10098,,297080,ERS806985,SAMEA3499836,simple,9796,Equus caballus,SAMEA3499836,,,,,female,,no,,,,,CENTRE FOR GEOGENETICS,ERA465205,,public,00278D0D095C04D93488CB05419C593B,9EACAB30414A033920D7A649F7172210
ERR979795,2015-09-26 15:12:21,2016-02-27 00:09:34,170327759,31389100155,148070200,184,17327,assembly,https://sra-download.ncbi.nlm.nih.gov/sos/sra-pub-run-2/ERR979795/ERR979795.1,ERX1056667,All libraries,WGS,RANDOM,GENOMIC,PAIRED,0,0,ILLUMINA,Illumina HiSeq 2000,ERP011292,PRJEB10098,,297080,ERS806040,SAMEA3498891,simple,9796,Equus caballus,SAMEA3498891,,,,,male,,no,,,,,CENTRE FOR GEOGENETICS,ERA465205,,public,DCDF5C6FB419A066E4FD785F08FB2026,B68706337D6D8B43CD11C0D852F655F3
ERR979794,2015-09-27 00:53:15,2016-02-27 01:10:19,259865957,49534244485,245967412,190,25752,assembly,https://sra-download.ncbi.nlm.nih.gov/sos/sra-pub-run-2/ERR979794/ERR979794.1,ERX1056666,All libraries,WGS,RANDOM,GENOMIC,PAIRED,0,0,ILLUMINA,Illumina HiSeq 2000,ERP011292,PRJEB10098,,297080,ERS806043,SAMEA3498894,simple,9796,Equus caballus,SAMEA3498894,,,,,male,,no,,,,,CENTRE FOR GEOGENETICS,ERA465205,,public,DE50D78C16A4A1C6936CEE58E37A3F4D,924BE1CA9070701BC7861CAD0C964369
ERR979790,2015-09-26 15:12:21,2016-02-27 01:21:42,200775614,38319818456,188622779,190,19754,assembly,https://sra-download.ncbi.nlm.nih.gov/sos/sra-pub-run-2/ERR979790/ERR979790.1,ERX1056662,All libraries,WGS,RANDOM,GENOMIC,PAIRED,0,0,ILLUMINA,Illumina HiSeq 2000,ERP011292,PRJEB10098,,297080,ERS806046,SAMEA3498897,simple,9796,Equus caballus,SAMEA3498897,,,,,male,,no,,,,,CENTRE FOR GEOGENETICS,ERA465205,,public,125D537C8D023F12BB297906508C2963,7E129D55E7F1E9C93FE887FE327B8628
ERR979785,2015-09-26 18:24:25,2016-02-27 00:17:53,209669360,41233459086,199678159,196,19132,assembly,https://sra-download.ncbi.nlm.nih.gov/sos/sra-pub-run-2/ERR979785/ERR979785.1,ERX1056657,All libraries,WGS,RANDOM,GENOMIC,PAIRED,0,0,ILLUMINA,Illumina HiSeq 2000,ERP011292,PRJEB10098,,297080,ERS806048,SAMEA3498899,simple,9796,Equus caballus,SAMEA3498899,,,,,male,,no,,,,,CENTRE FOR GEOGENETICS,ERA465205,,public,4FEDB28A37DE961960C9FEFA8840BF8F,893BA1EAAA25770FC0F47497C1ACD734
ERR979798,2015-09-26 12:00:50,2016-02-27 00:09:28,193613612,36296272488,171130981,187,19108,assembly,https://sra-download.ncbi.nlm.nih.gov/sos/sra-pub-run-2/ERR979798/ERR979798.1,ERX1056670,All libraries,WGS,RANDOM,GENOMIC,PAIRED,0,0,ILLUMINA,Illumina HiSeq 2000,ERP011292,PRJEB10098,,297080,ERS806984,SAMEA3499835,simple,9796,Equus caballus,SAMEA3499835,,,,,female,,no,,,,,CENTRE FOR GEOGENETICS,ERA465205,,public,6D82830026E494E0EA22DBE7BA1C5D6C,B37D89F11396FBAFEB0461130BD31C6C
ERR979800,2015-09-26 18:24:26,2016-02-27 00:01:30,168747200,31485101866,139823320,186,16159,assembly,https://sra-download.ncbi.nlm.nih.gov/traces/era13/ERR/ERR979/ERR979800,ERX1056672,All libraries,WGS,RANDOM,GENOMIC,PAIRED,0,0,ILLUMINA,Illumina HiSeq 2000,ERP011292,PRJEB10098,,297080,ERS806986,SAMEA3499837,simple,9796,Equus caballus,SAMEA3499837,,,,,male,,no,,,,,CENTRE FOR GEOGENETICS,ERA465205,,public,9299A9BA445A812C7B8D5ADE53A9249C,F6CD3BE3BC3C990CD2D24CB78F7C4496
ERR979789,2015-09-26 18:24:25,2016-02-27 00:42:17,222762522,42482024833,206512258,190,21756,assembly,https://sra-download.ncbi.nlm.nih.gov/sos/sra-pub-run-2/ERR979789/ERR979789.1,ERX1056661,All libraries,WGS,RANDOM,GENOMIC,PAIRED,0,0,ILLUMINA,Illumina HiSeq 2000,ERP011292,PRJEB10098,,297080,ERS806041,SAMEA3498892,simple,9796,Equus caballus,SAMEA3498892,,,,,male,,no,,,,,CENTRE FOR GEOGENETICS,ERA465205,,public,A9E5AE0CA49D24EAD98B840BBCAD5650,820A00E702907600FB522787BE58CD09
ERR979788,2015-09-26 15:12:20,2016-02-26 23:40:22,109579799,20870591655,97648835,190,10931,assembly,https://sra-download.ncbi.nlm.nih.gov/sos/sra-pub-run-2/ERR979788/ERR979788.1,ERX1056660,All libraries,WGS,RANDOM,GENOMIC,PAIRED,0,0,ILLUMINA,Illumina HiSeq 2000,ERP011292,PRJEB10098,,297080,ERS806042,SAMEA3498893,simple,9796,Equus caballus,SAMEA3498893,,,,,male,,no,,,,,CENTRE FOR GEOGENETICS,ERA465205,,public,F88703BE14F02AB2D0876B1558FD020D,AAF22BBE4F647A9BE0678CC6987B21F1
ERR979802,2015-09-26 12:00:50,2016-02-27 00:01:59,163858477,29849603980,130383489,182,15615,assembly,https://sra-download.ncbi.nlm.nih.gov/traces/era13/ERR/ERR979/ERR979802,ERX1056674,All libraries,WGS,RANDOM,GENOMIC,PAIRED,0,0,ILLUMINA,Illumina HiSeq 2000,ERP011292,PRJEB10098,,297080,ERS806981,SAMEA3499832,simple,9796,Equus caballus,SAMEA3499832,,,,,male,,no,,,,,CENTRE FOR GEOGENETICS,ERA465205,,public,D2AA976E429DF7D957D55849ED08DF9B,45A500F99EF94779CBC519D305B17FDC
ERR979797,2015-09-26 12:00:49,2016-02-27 00:33:15,180328032,33657216067,141111377,186,17137,assembly,https://sra-download.ncbi.nlm.nih.gov/sos/sra-pub-run-2/ERR979797/ERR979797.1,ERX1056669,All libraries,WGS,RANDOM,GENOMIC,PAIRED,0,0,ILLUMINA,Illumina HiSeq 2000,ERP011292,PRJEB10098,,297080,ERS806983,SAMEA3499834,simple,9796,Equus caballus,SAMEA3499834,,,,,female,,no,,,,,CENTRE FOR GEOGENETICS,ERA465205,,public,DD7AD51EA1BFFD5998ADEC8EB89AAFFB,5629F97BFCD0D50A41DD1DD18B6D2D08
ERR982704,2015-09-26 08:46:34,2016-02-27 00:20:57,379761448,48515040249,80630971,127,18185,assembly,https://sra-download.ncbi.nlm.nih.gov/sos/sra-pub-run-2/ERR982704/ERR982704.1,ERX1063911,All libraries,WGS,RANDOM,GENOMIC,PAIRED,0,0,ILLUMINA,Illumina HiSeq 2000,ERP011292,PRJEB10098,,297080,ERS805731,SAMEA3498582,simple,9796,Equus caballus,SAMEA3498582,,,,,male,,no,,,,,CENTRE FOR GEOGENETICS,ERA465403,,public,D25073CC63332AA8B5E5407F6343D63F,29DF8095D25487F02DD210842E23EC08
ERR979791,2015-09-26 12:00:49,2016-02-27 01:17:00,310963828,58608754093,280758088,188,31250,assembly,https://sra-download.ncbi.nlm.nih.gov/traces/era13/ERR/ERR979/ERR979791,ERX1056663,All libraries,WGS,RANDOM,GENOMIC,PAIRED,0,0,ILLUMINA,Illumina HiSeq 2000,ERP011292,PRJEB10098,,297080,ERS806037,SAMEA3498888,simple,9796,Equus caballus,SAMEA3498888,,,,,male,,no,,,,,CENTRE FOR GEOGENETICS,ERA465205,,public,9B95396736D63A25B3CC389F9BBC1A04,0F69C5F1E244354EBCFEF7B6DCEEBF91
ERR979784,2015-09-26 15:12:20,2016-02-26 23:59:51,156698420,30010071227,148406523,191,15203,assembly,https://sra-download.ncbi.nlm.nih.gov/traces/era13/ERR/ERR979/ERR979784,ERX1056656,All libraries,WGS,RANDOM,GENOMIC,PAIRED,0,0,ILLUMINA,Illumina HiSeq 2000,ERP011292,PRJEB10098,,297080,ERS806045,SAMEA3498896,simple,9796,Equus caballus,SAMEA3498896,,,,,male,,no,,,,,CENTRE FOR GEOGENETICS,ERA465205,,public,CA4E020FE62644FAA92F95F21A01C006,FD8D47E7CAB5C19B12E329ED506FFE73
ERR979787,2015-09-26 15:12:20,2016-02-27 00:47:17,231710132,44181496014,217820599,190,23240,assembly,https://sra-download.ncbi.nlm.nih.gov/traces/era13/ERR/ERR979/ERR979787,ERX1056659,All libraries,WGS,RANDOM,GENOMIC,PAIRED,0,0,ILLUMINA,Illumina HiSeq 2000,ERP011292,PRJEB10098,,297080,ERS806047,SAMEA3498898,simple,9796,Equus caballus,SAMEA3498898,,,,,male,,no,,,,,CENTRE FOR GEOGENETICS,ERA465205,,public,FFB0833285B467075C6C3A692E9A305C,8BBDC6323DC082278AD4BD6DCFCC5DD2
ERR979786,2015-09-27 00:53:15,2016-02-27 00:26:47,205070890,39432910919,195165098,192,19975,assembly,https://sra-download.ncbi.nlm.nih.gov/traces/era13/ERR/ERR979/ERR979786,ERX1056658,All libraries,WGS,RANDOM,GENOMIC,PAIRED,0,0,ILLUMINA,Illumina HiSeq 2000,ERP011292,PRJEB10098,,297080,ERS806044,SAMEA3498895,simple,9796,Equus caballus,SAMEA3498895,,,,,male,,no,,,,,CENTRE FOR GEOGENETICS,ERA465205,,public,83A607929558E6553439CF08C6DB3973,165B1CFC8225056B0FC07095EC0F6730
ERR979792,2015-09-26 21:39:59,2016-02-26 23:48:33,152146867,27999787749,133009576,184,15536,assembly,https://sra-download.ncbi.nlm.nih.gov/traces/era13/ERR/ERR979/ERR979792,ERX1056664,All libraries,WGS,RANDOM,GENOMIC,PAIRED,0,0,ILLUMINA,Illumina HiSeq 2000,ERP011292,PRJEB10098,,297080,ERS806038,SAMEA3498889,simple,9796,Equus caballus,SAMEA3498889,,,,,male,,no,,,,,CENTRE FOR GEOGENETICS,ERA465205,,public,6CDD26DD9699E773ADC3BCFE904BDB04,B3F4817ADA29F59F48ABAF0534B179CD
SRR3045342,2016-01-14 00:00:00,2015-12-23 02:12:46,94199436,17825885146,93507034,189,9318,GCF_000002305.2,https://sra-download.ncbi.nlm.nih.gov/traces/sra37/SRR/002973/SRR3045342,SRX1496488,,WGS,RANDOM,GENOMIC,PAIRED,100,0,ILLUMINA,Illumina HiSeq 2000,SRP067684,PRJNA306677,,306677,SRS1218546,SAMN04359671,simple,9796,Equus caballus,M968,,,,,male,,no,,,,,UNIVERSITY OF ILLINOIS,SRA321215,,public,3AB5F86900736ED81B7A862EC5C30CDC,094798FC21E9844656848B012C07F4F6
SRR3045676,2016-01-14 00:00:00,2015-12-23 13:47:16,166306903,31492301859,165180851,189,16423,GCF_000002305.2,https://sra-download.ncbi.nlm.nih.gov/traces/sra37/SRR/002974/SRR3045676,SRX1496490,,WGS,RANDOM,GENOMIC,PAIRED,100,0,ILLUMINA,Illumina HiSeq 2000,SRP067684,PRJNA306677,,306677,SRS1218547,SAMN04359672,simple,9796,Equus caballus,M977,,,,,female,,no,,,,,UNIVERSITY OF ILLINOIS,SRA321215,,public,C2885555591E3FB98EF0C75B3D0800F6,5458A1DB24EB8487AB456DEB7CC7119F
SRR3045847,2016-01-14 00:00:00,2015-12-23 13:56:29,91501450,17354176385,90820265,189,9027,GCF_000002305.2,https://sra-download.ncbi.nlm.nih.gov/traces/sra52/SRR/002974/SRR3045847,SRX1496595,,WGS,RANDOM,GENOMIC,PAIRED,100,0,ILLUMINA,Illumina HiSeq 2000,SRP067684,PRJNA306677,,306677,SRS1218590,SAMN04359692,simple,9796,Equus caballus,M989,,,,,female,,no,,,,,UNIVERSITY OF ILLINOIS,SRA321215,,public,9E34FC72DA2D08D7826920DE857A95BE,0DAE220CBC9DAC38E2CC41558BFBE746
SRR3045848,2016-01-14 00:00:00,2015-12-23 10:59:40,67518752,12519827366,66186289,185,6903,GCF_000002305.2,https://sra-download.ncbi.nlm.nih.gov/traces/sra37/SRR/002974/SRR3045848,SRX1496596,,WGS,RANDOM,GENOMIC,PAIRED,100,0,ILLUMINA,Illumina HiSeq 2000,SRP067684,PRJNA306677,,306677,SRS1218591,SAMN04359693,simple,9796,Equus caballus,M992,,,,,male,,no,,,,,UNIVERSITY OF ILLINOIS,SRA321215,,public,44103B5EE8D324C1F778BE47A795C9DF,982AD0FB1D504C4220481DD5F41829D6
SRR3046827,2016-01-14 00:00:00,2015-12-23 13:09:13,81553941,15367033486,80606775,188,8174,GCF_000002305.2,https://sra-download.ncbi.nlm.nih.gov/traces/sra37/SRR/002975/SRR3046827,SRX1496933,,WGS,RANDOM,GENOMIC,PAIRED,100,0,ILLUMINA,Illumina HiSeq 2000,SRP067684,PRJNA306677,,306677,SRS1218759,SAMN04359694,simple,9796,Equus caballus,M1005,,,,,male,,no,,,,,UNIVERSITY OF ILLINOIS,SRA321215,,public,3DCDC7CA3EEF18D2369B0F6A9EA2B41F,4F47C5990F49BE693206D4D5AA26E2F7
SRR3046831,2016-01-14 00:00:00,2015-12-30 16:51:54,100021524,19464374801,99397814,194,10052,GCF_000002305.2,https://sra-download.ncbi.nlm.nih.gov/traces/sra37/SRR/002975/SRR3046831,SRX1496937,,WGS,RANDOM,GENOMIC,PAIRED,100,0,ILLUMINA,Illumina HiSeq 2000,SRP067684,PRJNA306677,,306677,SRS1218763,SAMN04359695,simple,9796,Equus caballus,M1009,,,,,male,,no,,,,,UNIVERSITY OF ILLINOIS,SRA321215,,public,D7B6BE613733C8B40230C84BAA6DB904,A0DFD70AA6A51B3FC1FC4184DBB132B7
SRR3046832,2016-01-14 00:00:00,2015-12-30 16:52:57,98604763,19140895431,97863286,194,9974,GCF_000002305.2,https://sra-download.ncbi.nlm.nih.gov/traces/sra37/SRR/002975/SRR3046832,SRX1496938,,WGS,RANDOM,GENOMIC,PAIRED,100,0,ILLUMINA,Illumina HiSeq 2000,SRP067684,PRJNA306677,,306677,SRS1218764,SAMN04359698,simple,9796,Equus caballus,M1012,,,,,male,,no,,,,,UNIVERSITY OF ILLINOIS,SRA321215,,public,EC7C4AE289C28D979952AAFAD0E7F628,3DE4312F926850256BBE6D8B968766A9
SRR3046833,2016-01-14 00:00:00,2015-12-31 20:20:38,167023807,31315345817,165231395,187,16832,GCF_000002305.2,https://sra-download.ncbi.nlm.nih.gov/traces/sra53/SRR/002975/SRR3046833,SRX1496939,,WGS,RANDOM,GENOMIC,PAIRED,100,0,ILLUMINA,Illumina HiSeq 2000,SRP067684,PRJNA306677,,306677,SRS1218765,SAMN04359701,simple,9796,Equus caballus,M1027,,,,,male,,no,,,,,UNIVERSITY OF ILLINOIS,SRA321215,,public,4F1478D5992DE547D68E5CA192DD7FAF,474807A81691E948191768A63338FBD7
SRR3046834,2016-01-14 00:00:00,2015-12-30 17:22:57,99464605,19354884022,98849415,194,10018,GCF_000002305.2,https://sra-download.ncbi.nlm.nih.gov/traces/sra37/SRR/002975/SRR3046834,SRX1496940,,WGS,RANDOM,GENOMIC,PAIRED,100,0,ILLUMINA,Illumina HiSeq 2000,SRP067684,PRJNA306677,,306677,SRS1218766,SAMN04359702,simple,9796,Equus caballus,M1048,,,,,male,,no,,,,,UNIVERSITY OF ILLINOIS,SRA321215,,public,8D9FF73C86B0B265F32D2243E1B6CD57,D44548815DABF587A80D251A280343C0
SRR3050542,2016-01-14 00:00:00,2015-12-31 20:14:06,151254440,28538655891,149423659,188,15057,GCF_000002305.2,https://sra-download.ncbi.nlm.nih.gov/traces/sra20/SRR/002979/SRR3050542,SRX1499184,,WGS,RANDOM,GENOMIC,PAIRED,100,0,ILLUMINA,Illumina HiSeq 2000,SRP067684,PRJNA306677,,306677,SRS1220771,SAMN04359703,simple,9796,Equus caballus,M5256,,,,,male,,no,,,,,UNIVERSITY OF ILLINOIS,SRA321215,,public,BBA1A2CFAA61E4368CF71B588ABBEAD1,480EFB68FDB8CB8E48E8A3EF7C270E0E
SRR3050543,2016-01-14 00:00:00,2015-12-31 19:37:12,76324261,14892858697,75847709,195,7605,GCF_000002305.2,https://sra-download.ncbi.nlm.nih.gov/traces/sra20/SRR/002979/SRR3050543,SRX1499185,,WGS,RANDOM,GENOMIC,PAIRED,100,0,ILLUMINA,Illumina HiSeq 2000,SRP067684,PRJNA306677,,306677,SRS1220772,SAMN04359704,simple,9796,Equus caballus,M5259,,,,,female,,no,,,,,UNIVERSITY OF ILLINOIS,SRA321215,,public,D58B023B4C2EDE67EA7FAC2606F65607,8E59C84C1CCD21CD5CA40A3DB696ABEA
SRR3050544,2016-01-14 00:00:00,2015-12-31 19:33:29,63997185,12456545975,63550335,194,6493,GCF_000002305.2,https://sra-download.ncbi.nlm.nih.gov/traces/sra20/SRR/002979/SRR3050544,SRX1499186,,WGS,RANDOM,GENOMIC,PAIRED,100,0,ILLUMINA,Illumina HiSeq 2000,SRP067684,PRJNA306677,,306677,SRS1220773,SAMN04359705,simple,9796,Equus caballus,M5260,,,,,female,,no,,,,,UNIVERSITY OF ILLINOIS,SRA321215,,public,5E1F4B4AABBDD193E920BD4C53302C9A,082E5732488F6BC3AFC46C4BA056C79B
SRR3050545,2016-01-14 00:00:00,2016-01-01 16:04:37,141079662,26502579252,138552282,187,14124,GCF_000002305.2,https://sra-download.ncbi.nlm.nih.gov/traces/sra53/SRR/002979/SRR3050545,SRX1499187,,WGS,RANDOM,GENOMIC,PAIRED,100,0,ILLUMINA,Illumina HiSeq 2000,SRP067684,PRJNA306677,,306677,SRS1220774,SAMN04359706,simple,9796,Equus caballus,M5269,,,,,female,,no,,,,,UNIVERSITY OF ILLINOIS,SRA321215,,public,0A34E8646F759326A519BC559A01DA9B,256A0403052537AA93D7290DF1AB5C9D
SRR3050546,2016-01-14 00:00:00,2016-01-01 04:26:24,70553592,13637060753,69821308,193,7262,GCF_000002305.2,https://sra-download.ncbi.nlm.nih.gov/traces/sra37/SRR/002979/SRR3050546,SRX1499188,,WGS,RANDOM,GENOMIC,PAIRED,100,0,ILLUMINA,Illumina HiSeq 2000,SRP067684,PRJNA306677,,306677,SRS1220775,SAMN04359720,simple,9796,Equus caballus,M5271,,,,,female,,no,,,,,UNIVERSITY OF ILLINOIS,SRA321215,,public,49905607A87B527BB991A62738514960,CD24D0C636A21154C8A5611C72F36EB1
SRR3050547,2016-01-14 00:00:00,2016-01-01 02:05:07,59120085,11544553817,58751837,195,5903,GCF_000002305.2,https://sra-download.ncbi.nlm.nih.gov/traces/sra20/SRR/002979/SRR3050547,SRX1499189,,WGS,RANDOM,GENOMIC,PAIRED,100,0,ILLUMINA,Illumina HiSeq 2000,SRP067684,PRJNA306677,,306677,SRS1220776,SAMN04359732,simple,9796,Equus caballus,M5287,,,,,female,,no,,,,,UNIVERSITY OF ILLINOIS,SRA321215,,public,950A9AA864079E5BADE0CCFD45B5A147,D9B0A0B344902ED20E252E9A530275EE
SRR3050548,2016-01-14 00:00:00,2016-01-01 16:35:52,146925601,27731486699,145122672,188,14614,GCF_000002305.2,https://sra-download.ncbi.nlm.nih.gov/traces/sra53/SRR/002979/SRR3050548,SRX1499190,,WGS,RANDOM,GENOMIC,PAIRED,100,0,ILLUMINA,Illumina HiSeq 2000,SRP067684,PRJNA306677,,306677,SRS1220777,SAMN04359733,simple,9796,Equus caballus,M5300,,,,,female,,no,,,,,UNIVERSITY OF ILLINOIS,SRA321215,,public,7122415A490DCB440EFF14C9E69E1222,855BF8C4CC7DA2DEDB719254757826A9
SRR3050549,2016-01-14 00:00:00,2015-12-23 19:54:05,67449928,12995890218,66632460,192,6980,GCF_000002305.2,https://sra-download.ncbi.nlm.nih.gov/traces/sra37/SRR/002979/SRR3050549,SRX1499191,,WGS,RANDOM,GENOMIC,PAIRED,100,0,ILLUMINA,Illumina HiSeq 2000,SRP067684,PRJNA306677,,306677,SRS1220778,SAMN04359734,simple,9796,Equus caballus,M5304,,,,,male,,no,,,,,UNIVERSITY OF ILLINOIS,SRA321215,,public,9222E0895FC5A3797699DDD10D8181BD,8178CFE8C4113E1CE37FD4C9DA17FB9A
SRR3050550,2016-01-14 00:00:00,2015-12-24 04:23:38,123629653,23409626121,122700755,189,12233,GCF_000002305.2,https://sra-download.ncbi.nlm.nih.gov/traces/sra37/SRR/002979/SRR3050550,SRX1499192,,WGS,RANDOM,GENOMIC,PAIRED,100,0,ILLUMINA,Illumina HiSeq 2000,SRP067684,PRJNA306677,,306677,SRS1220779,SAMN04359735,simple,9796,Equus caballus,M5306,,,,,female,,no,,,,,UNIVERSITY OF ILLINOIS,SRA321215,,public,4E3AA7C3ADA5A4C690C3B6152464FB7C,102DC3AB3520428B0B2C198592420C2A
SRR3900279,2017-07-13 00:02:48,2016-07-13 16:57:09,31448683,6289736600,31448683,200,2883,EquCab2.0,https://sra-download.ncbi.nlm.nih.gov/traces/sra51/SRR/003808/SRR3900279,SRX1944282,120104_SN344_0158_AC06JEACXX_CG1_ATCACG_L001,WGS,RANDOM,GENOMIC,PAIRED,0,0,ILLUMINA,Illumina HiSeq 2000,SRP077490,PRJNA303134,,303134,SRS1529020,SAMN04538183,simple,9796,Equus caballus,CG_1,,,,,female,,no,,,,,UPPSALA UNIVERSITY,SRA436599,,public,ACF8EE440CD643BD34A2EC223D6594F8,B2AE0EDB167E2DBC3B9A1A68A75B9CBE
SRR3900280,2017-07-13 00:02:48,2016-07-22 11:24:08,31136846,6227369200,31136846,200,2926,EquCab2.0,https://sra-download.ncbi.nlm.nih.gov/sos/sra-pub-run-1/SRR3900280/SRR3900280.1,SRX1944283,120104_SN344_0158_AC06JEACXX_CG1_ATCACG_L004,WGS,RANDOM,GENOMIC,PAIRED,0,0,ILLUMINA,Illumina HiSeq 2000,SRP077490,PRJNA303134,,303134,SRS1529020,SAMN04538183,simple,9796,Equus caballus,CG_1,,,,,female,,no,,,,,UPPSALA UNIVERSITY,SRA436599,,public,4FCE24D782069BECBAD3C95DD8892F35,82117B58428E5D6A535DC7CF3252ADB1
SRR3900298,2017-07-13 00:02:48,2016-07-13 16:55:22,27971063,5594212600,27971063,200,2626,EquCab2.0,https://sra-download.ncbi.nlm.nih.gov/sos/sra-pub-run-1/SRR3900298/SRR3900298.1,SRX1944298,120104_SN344_0158_AC06JEACXX_CG1_ATCACG_L005,WGS,RANDOM,GENOMIC,PAIRED,0,0,ILLUMINA,Illumina HiSeq 2000,SRP077490,PRJNA303134,,303134,SRS1529020,SAMN04538183,simple,9796,Equus caballus,CG_1,,,,,female,,no,,,,,UPPSALA UNIVERSITY,SRA436599,,public,894BA332A247D2C9BF3A51402AA00956,ADBCFC046E3068B193903179C6F18559
SRR3900283,2017-07-13 00:02:48,2016-07-14 08:45:31,28117997,5623599400,28117997,200,2535,EquCab2.0,https://sra-download.ncbi.nlm.nih.gov/sos/sra-pub-run-1/SRR3900283/SRR3900283.1,SRX1944286,120104_SN344_0158_AC06JEACXX_CG4_TGACCA_L001,WGS,RANDOM,GENOMIC,PAIRED,0,0,ILLUMINA,Illumina HiSeq 2000,SRP077490,PRJNA303134,,303134,SRS1529021,SAMN04538180,simple,9796,Equus caballus,CG_4,,,,,male,,no,,,,,UPPSALA UNIVERSITY,SRA436599,,public,C167ECD76111C4AFCE5E7A851E21CD36,2244F382F6504BDFFD0E1D12B5BE8798
SRR3900284,2017-07-13 00:02:48,2016-07-18 18:11:40,26938958,5387791600,26938958,200,2490,EquCab2.0,https://sra-download.ncbi.nlm.nih.gov/sos/sra-pub-run-1/SRR3900284/SRR3900284.1,SRX1944287,120104_SN344_0158_AC06JEACXX_CG4_TGACCA_L004,WGS,RANDOM,GENOMIC,PAIRED,0,0,ILLUMINA,Illumina HiSeq 2000,SRP077490,PRJNA303134,,303134,SRS1529021,SAMN04538180,simple,9796,Equus caballus,CG_4,,,,,male,,no,,,,,UPPSALA UNIVERSITY,SRA436599,,public,E45B6296A2242FA709046F790293F577,C3B1AB8B2EE8233B4ABA6DB7DC6C97C7
SRR3900285,2017-07-13 00:02:48,2016-07-14 08:57:39,24023326,4804665200,24023326,200,2220,EquCab2.0,https://sra-download.ncbi.nlm.nih.gov/sos/sra-pub-run-1/SRR3900285/SRR3900285.1,SRX1944288,120104_SN344_0158_AC06JEACXX_CG4_TGACCA_L005,WGS,RANDOM,GENOMIC,PAIRED,0,0,ILLUMINA,Illumina HiSeq 2000,SRP077490,PRJNA303134,,303134,SRS1529021,SAMN04538180,simple,9796,Equus caballus,CG_4,,,,,male,,no,,,,,UPPSALA UNIVERSITY,SRA436599,,public,1A442A04107A88D6BB507ADA44824FC5,CF16F56B8856E54A5CBC7A74C403A050
SRR3900286,2017-07-13 00:02:48,2016-07-22 11:35:15,27058248,5411649600,27058248,200,2481,EquCab2.0,https://sra-download.ncbi.nlm.nih.gov/sos/sra-pub-run-1/SRR3900286/SRR3900286.1,SRX1944289,120104_SN344_0158_AC06JEACXX_CG4_TGACCA_L006,WGS,RANDOM,GENOMIC,PAIRED,0,0,ILLUMINA,Illumina HiSeq 2000,SRP077490,PRJNA303134,,303134,SRS1529021,SAMN04538180,simple,9796,Equus caballus,CG_4,,,,,male,,no,,,,,UPPSALA UNIVERSITY,SRA436599,,public,8B12410059B2D13DB81DDA352D78CD3B,3289D51BDC3783EEB2CE8AC689991768
SRR3900287,2017-07-13 00:02:48,2016-07-18 18:18:39,31103721,6220744200,31103721,200,3175,EquCab2.0,https://sra-download.ncbi.nlm.nih.gov/sos/sra-pub-run-1/SRR3900287/SRR3900287.1,SRX1944290,120104_SN344_0158_AC06JEACXX_CG5_ACAGTG_L001,WGS,RANDOM,GENOMIC,PAIRED,0,0,ILLUMINA,Illumina HiSeq 2000,SRP077490,PRJNA303134,,303134,SRS1529022,SAMN04538179,simple,9796,Equus caballus,CG_5,,,,,female,,no,,,,,UPPSALA UNIVERSITY,SRA436599,,public,1669AF1E4F3A0381E27F942244622EB6,98FEAFD0EEF17C2414FDE35C81F9190C
SRR3900288,2017-07-13 00:02:48,2016-07-14 09:01:58,30766916,6153383200,30766916,200,3201,EquCab2.0,https://sra-download.ncbi.nlm.nih.gov/sos/sra-pub-run-1/SRR3900288/SRR3900288.1,SRX1944291,120104_SN344_0158_AC06JEACXX_CG5_ACAGTG_L004,WGS,RANDOM,GENOMIC,PAIRED,0,0,ILLUMINA,Illumina HiSeq 2000,SRP077490,PRJNA303134,,303134,SRS1529022,SAMN04538179,simple,9796,Equus caballus,CG_5,,,,,female,,no,,,,,UPPSALA UNIVERSITY,SRA436599,,public,9256FECDAC8E98AA7D7080B5214CA84D,7DAEECBB42E43F13CE39D119201C877C
SRR3900289,2017-07-13 00:02:48,2016-07-18 18:11:44,27499697,5499939400,27499697,200,2858,EquCab2.0,https://sra-download.ncbi.nlm.nih.gov/sos/sra-pub-run-1/SRR3900289/SRR3900289.1,SRX1944292,120104_SN344_0158_AC06JEACXX_CG5_ACAGTG_L005,WGS,RANDOM,GENOMIC,PAIRED,0,0,ILLUMINA,Illumina HiSeq 2000,SRP077490,PRJNA303134,,303134,SRS1529022,SAMN04538179,simple,9796,Equus caballus,CG_5,,,,,female,,no,,,,,UPPSALA UNIVERSITY,SRA436599,,public,578D7A39CCBF2029430A720B961A6E13,585762C364FAE197217FC7A6EA9EE9F8
SRR3900290,2017-07-13 00:02:48,2016-07-14 08:45:57,30057235,6011447000,30057235,200,3105,EquCab2.0,https://sra-download.ncbi.nlm.nih.gov/sos/sra-pub-run-1/SRR3900290/SRR3900290.1,SRX1944293,120104_SN344_0158_AC06JEACXX_CG5_ACAGTG_L006,WGS,RANDOM,GENOMIC,PAIRED,0,0,ILLUMINA,Illumina HiSeq 2000,SRP077490,PRJNA303134,,303134,SRS1529022,SAMN04538179,simple,9796,Equus caballus,CG_5,,,,,female,,no,,,,,UPPSALA UNIVERSITY,SRA436599,,public,787058786BF2BDB70070BAA3047EC6FC,27A2234A73F7CC0FD72DE11DEB66DFEC
SRR3900315,2017-07-13 00:02:48,2016-07-14 08:45:56,30184989,6036997800,30184989,200,2793,EquCab2.0,https://sra-download.ncbi.nlm.nih.gov/sos/sra-pub-run-1/SRR3900315/SRR3900315.1,SRX1944299,120104_SN344_0158_AC06JEACXX_CG6_GCCAAT_L001,WGS,RANDOM,GENOMIC,PAIRED,0,0,ILLUMINA,Illumina HiSeq 2000,SRP077490,PRJNA303134,,303134,SRS1529023,SAMN04538178,simple,9796,Equus caballus,CG_6,,,,,male,,no,,,,,UPPSALA UNIVERSITY,SRA436599,,public,DDEF4AA0A5255B0E550F01CC5934666B,AC6D59A524DFE059F11869F2F624C6CF
SRR3900336,2017-07-13 00:02:48,2016-07-14 08:47:03,28691741,5738348200,28691741,200,2721,EquCab2.0,https://sra-download.ncbi.nlm.nih.gov/sos/sra-pub-run-1/SRR3900336/SRR3900336.1,SRX1944303,120104_SN344_0158_AC06JEACXX_CG6_GCCAAT_L004,WGS,RANDOM,GENOMIC,PAIRED,0,0,ILLUMINA,Illumina HiSeq 2000,SRP077490,PRJNA303134,,303134,SRS1529023,SAMN04538178,simple,9796,Equus caballus,CG_6,,,,,male,,no,,,,,UPPSALA UNIVERSITY,SRA436599,,public,C9B8131F378E829EFF4EA0483DD79250,46405C01904122BDE489406700693F58
SRR3900337,2017-07-13 00:02:48,2016-07-14 08:45:40,25536386,5107277200,25536386,200,2420,EquCab2.0,https://sra-download.ncbi.nlm.nih.gov/sos/sra-pub-run-1/SRR3900337/SRR3900337.1,SRX1944304,120104_SN344_0158_AC06JEACXX_CG6_GCCAAT_L005,WGS,RANDOM,GENOMIC,PAIRED,0,0,ILLUMINA,Illumina HiSeq 2000,SRP077490,PRJNA303134,,303134,SRS1529023,SAMN04538178,simple,9796,Equus caballus,CG_6,,,,,male,,no,,,,,UPPSALA UNIVERSITY,SRA436599,,public,351528513C131B84A4F57E3505C89B23,38E9C46A4420CBF328760616DF4B744B
SRR3900338,2017-07-13 00:02:48,2016-07-22 11:23:41,29095749,5819149800,29095749,200,2734,EquCab2.0,https://sra-download.ncbi.nlm.nih.gov/sos/sra-pub-run-1/SRR3900338/SRR3900338.1,SRX1944305,120104_SN344_0158_AC06JEACXX_CG6_GCCAAT_L006,WGS,RANDOM,GENOMIC,PAIRED,0,0,ILLUMINA,Illumina HiSeq 2000,SRP077490,PRJNA303134,,303134,SRS1529023,SAMN04538178,simple,9796,Equus caballus,CG_6,,,,,male,,no,,,,,UPPSALA UNIVERSITY,SRA436599,,public,DD17E6C5FFB5332C6DC30442A9F35B49,7DB32ED61F1564388D56F8991A59B8B3
SRR3900339,2017-07-13 00:02:48,2016-07-18 18:30:41,73494769,14698953800,73494769,200,7897,EquCab2.0,https://sra-download.ncbi.nlm.nih.gov/sos/sra-pub-run-1/SRR3900339/SRR3900339.1,SRX1944306,120104_SN344_0158_AC06JEACXX_CG7-tag11_GGCTAC_L002,WGS,RANDOM,GENOMIC,PAIRED,0,0,ILLUMINA,Illumina HiSeq 2000,SRP077490,PRJNA303134,,303134,SRS1529024,SAMN04538176,simple,9796,Equus caballus,CG_7,,,,,male,,no,,,,,UPPSALA UNIVERSITY,SRA436599,,public,D3144B3DAA27DCF2B4C93E97DDEBD279,9DA61EDA4C5CE3EC725989DF0A4463C6
SRR3900340,2017-07-13 00:02:49,2016-07-14 09:33:00,76005142,15201028400,76005142,200,8146,EquCab2.0,https://sra-download.ncbi.nlm.nih.gov/traces/sra51/SRR/003808/SRR3900340,SRX1944307,120104_SN344_0158_AC06JEACXX_CG7-tag11_GGCTAC_L003,WGS,RANDOM,GENOMIC,PAIRED,0,0,ILLUMINA,Illumina HiSeq 2000,SRP077490,PRJNA303134,,303134,SRS1529024,SAMN04538176,simple,9796,Equus caballus,CG_7,,,,,male,,no,,,,,UPPSALA UNIVERSITY,SRA436599,,public,B6B23E840F447C198A6BC67B04C9E66E,C1F58119FEC3374D603DF0D8F58AAA1F
SRR3900341,2017-07-13 00:02:49,2016-07-22 11:35:10,76838986,15367797200,76838986,200,8076,EquCab2.0,https://sra-download.ncbi.nlm.nih.gov/sos/sra-pub-run-1/SRR3900341/SRR3900341.1,SRX1944308,120104_SN344_0158_AC06JEACXX_CG7-tag11_GGCTAC_L007,WGS,RANDOM,GENOMIC,PAIRED,0,0,ILLUMINA,Illumina HiSeq 2000,SRP077490,PRJNA303134,,303134,SRS1529024,SAMN04538176,simple,9796,Equus caballus,CG_7,,,,,male,,no,,,,,UPPSALA UNIVERSITY,SRA436599,,public,CE842561FB597D90E26A56AFA4696749,4FCF36DCBE51C390739DF3C48E4756AB
SRR3900281,2017-07-13 00:02:48,2016-07-14 08:45:39,28326691,5665338200,28326691,200,2671,EquCab2.0,https://sra-download.ncbi.nlm.nih.gov/sos/sra-pub-run-1/SRR3900281/SRR3900281.1,SRX1944284,120104_SN344_0158_AC06JEACXX_CG3_TTAGGC_L005,WGS,RANDOM,GENOMIC,PAIRED,0,0,ILLUMINA,Illumina HiSeq 2000,SRP077490,PRJNA303134,,303134,SRS1529027,SAMN04538181,simple,9796,Equus caballus,CG_3,,,,,female,,no,,,,,UPPSALA UNIVERSITY,SRA436599,,public,FD1E21FAD1965B06718E4B077F3905DD,BFD8928935F39EE9918FC13840A22F25
SRR3900282,2017-07-13 00:02:48,2016-07-18 18:14:28,31584206,6316841200,31584206,200,2957,EquCab2.0,https://sra-download.ncbi.nlm.nih.gov/sos/sra-pub-run-1/SRR3900282/SRR3900282.1,SRX1944285,120104_SN344_0158_AC06JEACXX_CG3_TTAGGC_L006,WGS,RANDOM,GENOMIC,PAIRED,0,0,ILLUMINA,Illumina HiSeq 2000,SRP077490,PRJNA303134,,303134,SRS1529027,SAMN04538181,simple,9796,Equus caballus,CG_3,,,,,female,,no,,,,,UPPSALA UNIVERSITY,SRA436599,,public,8F6450EE92FCBF60B0A8DB083B92548E,C4B295DAFE0C66905239D3823ECB847E
